Hector Tran,999248624,2024,1
Chace Sanford,999248625,2024,2
Cade Young,999248626,2024,3
Patrick Ramirez,999248627,2024,4
Brogan Griffith,999248628,2024,5
Macie Woods,999248629,2024,6
Edith Duffy,999248630,2024,7
Raymond Burke,999248631,2024,8
Magdalena Huerta,999248632,2024,9
Desmond Farley,999248633,2024,10
Warren Avery,999248634,2024,11
Macey Berg,999248635,2024,12
Cali Wise,999248636,2024,13
India Bass,999248637,2024,14
Jaxon Costa,999248638,2024,15
Zara Dixon,999248639,2024,16
Giana Bradshaw,999248640,2024,17
Krystal Bruce,999248641,2024,18
Grace Fitzpatrick,999248642,2024,19
Sabrina Bass,999248643,2024,20
Pedro Pacheco,999248644,2024,21
Hayley Bautista,999248645,2024,22
Tristan Beasley,999248646,2024,23
Jeramiah Velazquez,999248647,2024,24
Keegan Mcguire,999248648,2024,25
Carley Hendricks,999248649,2024,26
Aiden Vargas,999248650,2024,27
Kaiden Holder,999248651,2024,28
Thomas Wilson,999248652,2024,29
Giancarlo Marsh,999248653,2024,30
Eduardo Moran,999248654,2024,31
Dominic Maynard,999248655,2024,32
Yusuf Sexton,999248656,2024,33
Corbin Vazquez,999248657,2024,34
Ruth Hudson,999248658,2024,35
Samuel Barnett,999248659,2024,36
Felipe Roach,999248660,2024,37
Shyanne Kerr,999248661,2024,38
Emilie Christensen,999248662,2024,39
Devon Hayes,999248663,2024,40
Demarcus Moore,999248664,2024,41
Gemma Mckenzie,999248665,2024,42
Sidney Lara,999248666,2024,43
Harley Dougherty,999248667,2024,44
Ricky Saunders,999248668,2024,45
Makayla Duran,999248669,2024,46
Ethen Richards,999248670,2024,47
Jaylynn Poole,999248671,2024,48
Alia Barajas,999248672,2024,49
Abigayle Carr,999248673,2024,50
Jane Matthews,999248674,2024,51
Jayden Franco,999248675,2024,52
Abel Park,999248676,2024,53
Weston Vincent,999248677,2024,54
Jerimiah Singleton,999248678,2024,55
Daniella Schroeder,999248679,2024,56
Isaiah French,999248680,2024,57
Thalia Kaufman,999248681,2024,58
Noelle Davies,999248682,2024,59
Alexandria Woodard,999248683,2024,60
Valentina Bautista,999248684,2024,61
Jillian Maynard,999248685,2024,62
Marin Schmidt,999248686,2024,63
Rebecca Washington,999248687,2024,64
Kayden Wilkerson,999248688,2024,65
Charlie Carroll,999248689,2024,66
Alec Mueller,999248690,2024,67
Meghan Curtis,999248691,2024,68
Rory Diaz,999248692,2024,69
Luz Roberson,999248693,2024,70
Karissa Shepard,999248694,2024,71
Branden Rasmussen,999248695,2024,72
Drew Mccall,999248696,2024,73
Cheyenne Pena,999248697,2024,74
Michaela Hampton,999248698,2024,75
Brenna Miles,999248699,2024,76
Giovanni Bridges,999248700,2024,77
Quincy Kaiser,999248701,2024,78
Tara Delgado,999248702,2024,79
Pamela Weiss,999248703,2024,80
Alanna Bean,999248704,2024,81
Bryanna Chung,999248705,2024,82
Jaydan Barrera,999248706,2024,83
Karla Faulkner,999248707,2024,84
Kirsten Moon,999248708,2024,85
Marina Sutton,999248709,2024,86
Ruth Flores,999248710,2024,87
Zack Cordova,999248711,2024,88
Derek Montgomery,999248712,2024,89
Nick Nichols,999248713,2024,90
Juliet Flynn,999248714,2024,91
Mariana Hale,999248715,2024,92
Jacey Savage,999248716,2024,93
Dario Wagner,999248717,2024,94
Mylie Neal,999248718,2024,95
Perla Bond,999248719,2024,96
Kaleigh Neal,999248720,2024,97
Sadie Kelley,999248721,2024,98
Raquel Barton,999248722,2024,99
Deegan Singleton,999248723,2024,100
Dania Hawkins,999248724,2024,101
Emilio Savage,999248725,2024,102
Jasmine Rhodes,999248726,2024,103
Carley Mcfarland,999248727,2024,104
Jaxon Boyer,999248728,2024,105
Dulce Bright,999248729,2024,106
Alessandro Mccoy,999248730,2024,107
Dexter Mcmillan,999248731,2024,108
Davian Ellis,999248732,2024,109
Nia Davidson,999248733,2024,110
Saniya Villa,999248734,2024,111
Nelson Herrera,999248735,2024,112
Eliezer Castaneda,999248736,2024,113
Rebekah Osborne,999248737,2024,114
Emiliano Benton,999248738,2024,115
Kody Cortez,999248739,2024,116
Hadley English,999248740,2024,117
Jerry Robles,999248741,2024,118
Alejandro Rhodes,999248742,2024,119
Regan Villarreal,999248743,2024,120
Lizeth Dalton,999248744,2024,121
Camila Maxwell,999248745,2024,122
Orion Mcclure,999248746,2024,123
Jake Ortega,999248747,2024,124
Marcus Fuller,999248748,2024,125
Kenna Fischer,999248749,2024,126
Campbell Humphrey,999248750,2024,127
Jamarion Pugh,999248751,2024,128
Korbin Waller,999248752,2024,129
Justice Keith,999248753,2024,130
Isabel Mathews,999248754,2024,131
George Tyler,999248755,2024,132
Jaylin Hartman,999248756,2024,133
Ireland Bullock,999248757,2024,134
Jordin Navarro,999248758,2024,135
Karla Franco,999248759,2024,136
Malcolm Harrison,999248760,2024,137
Salma Pugh,999248761,2024,138
Zoe Rodriguez,999248762,2024,139
Taylor Zavala,999248763,2024,140
Nathen Delacruz,999248764,2024,141
Ruby Anthony,999248765,2024,142
Bobby Owen,999248766,2024,143
Kinsley Foley,999248767,2024,144
Jakayla Zamora,999248768,2024,145
Jenna Gill,999248769,2024,146
Alayna Carson,999248770,2024,147
Elsie Leach,999248771,2024,148
Deshawn Stevenson,999248772,2024,149
Kolten Stephens,999248773,2024,150
Henry Rodriguez,999248774,2024,151
Tiana Macias,999248775,2024,152
Sage Melton,999248776,2024,153
Mila Kane,999248777,2024,154
Anahi Preston,999248778,2024,155
Stacy Middleton,999248779,2024,156
William Joseph,999248780,2024,157
Kamari Haas,999248781,2024,158
Gerardo Andrews,999248782,2024,159
Carmelo Deleon,999248783,2024,160
Dennis Strickland,999248784,2024,161
Ryland Gamble,999248785,2024,162
Lucia Meyer,999248786,2024,163
Janiya Bernard,999248787,2024,164
Jaeden Acevedo,999248788,2024,165
Braylon Cummings,999248789,2024,166
Braylon Holloway,999248790,2024,167
Jaylah Parks,999248791,2024,168
Cheyenne Bradford,999248792,2024,169
Kamora Marshall,999248793,2024,170
Rey Huber,999248794,2024,171
Conor Montes,999248795,2024,172
Brisa James,999248796,2024,173
Kendall Mooney,999248797,2024,174
Donavan Nichols,999248798,2024,175
Trent Ray,999248799,2024,176
Saniya Suarez,999248800,2024,177
Nash Logan,999248801,2024,178
Easton Terrell,999248802,2024,179
Karlee Garcia,999248803,2024,180
Michael Cervantes,999248804,2024,181
Cristina Obrien,999248805,2024,182
Luka Stark,999248806,2024,183
Karli Chapman,999248807,2024,184
Eliezer Cline,999248808,2024,185
Yair Dennis,999248809,2024,186
Tamara Russo,999248810,2024,187
Franklin Sellers,999248811,2024,188
Janet Simon,999248812,2024,189
Mike Snyder,999248813,2024,190
Christine Weeks,999248814,2024,191
Kylie Lawrence,999248815,2024,192
Pierce Mcguire,999248816,2024,193
Houston Welch,999248817,2024,194
Kailey Beasley,999248818,2024,195
Dashawn Goodwin,999248819,2024,196
Dax Hopkins,999248820,2024,197
Madison Osborne,999248821,2024,198
Caitlyn Pugh,999248822,2024,199
Sloane Ortega,999248823,2024,200
Taylor Higgins,999248824,2024,201
Adriana Hendricks,999248825,2024,202
Tess Guerrero,999248826,2024,203
Zoey Thornton,999248827,2024,204
Kenzie Clarke,999248828,2024,205
Lewis Kim,999248829,2024,206
Tanya Beck,999248830,2024,207
Kiersten Horn,999248831,2024,208
Giada Ponce,999248832,2024,209
Talan Howell,999248833,2024,210
Phoenix Harvey,999248834,2024,211
Paloma Porter,999248835,2024,212
Sienna Clay,999248836,2024,213
Litzy Hodges,999248837,2024,214
Kyla Hunt,999248838,2024,215
Waylon Cummings,999248839,2024,216
Remington Aguirre,999248840,2024,217
Quinn Johns,999248841,2024,218
Aleah Sharp,999248842,2024,219
Lesly Nielsen,999248843,2024,220
Tanya Yates,999248844,2024,221
Rocco Rivers,999248845,2024,222
Brennen Obrien,999248846,2024,223
Laylah Rhodes,999248847,2024,224
Barrett Haley,999248848,2024,225
Jayvion Barton,999248849,2024,226
Hailie Stephenson,999248850,2024,227
Oscar Sherman,999248851,2024,228
Londyn Gay,999248852,2024,229
Blake Levy,999248853,2024,230
Teagan Waters,999248854,2024,231
Jillian Walton,999248855,2024,232
Tiana Shepard,999248856,2024,233
Jessie Ruiz,999248857,2024,234
Kyan Sutton,999248858,2024,235
Lena Wagner,999248859,2024,236
Mara Ball,999248860,2024,237
Jeremy Lowery,999248861,2024,238
Evelyn Gould,999248862,2024,239
Marvin Wells,999248863,2024,240
Eleanor Abbott,999248864,2024,241
Issac Villarreal,999248865,2024,242
Jose Anderson,999248866,2024,243
Bridget Maldonado,999248867,2024,244
Jace Marsh,999248868,2024,245
Alfonso Hodge,999248869,2024,246
Nyasia Gaines,999248870,2024,247
Erika Christian,999248871,2024,248
Avery Harper,999248872,2024,249
Laylah Huffman,999248873,2024,250
Preston Robles,999248874,2024,251
Troy Conner,999248875,2024,252
Case Patterson,999248876,2024,253
Abram Cox,999248877,2024,254
Savanah Petersen,999248878,2024,255
Holly Cameron,999248879,2024,256
Jared Lowery,999248880,2024,257
Ansley Bishop,999248881,2024,258
Jonah Rojas,999248882,2024,259
Nikhil Everett,999248883,2024,260
Caroline Hutchinson,999248884,2024,261
Barbara Maldonado,999248885,2024,262
Jon Blackburn,999248886,2024,263
Rebecca Bautista,999248887,2024,264
Tess Coleman,999248888,2024,265
Declan Valencia,999248889,2024,266
Emiliano Potter,999248890,2024,267
Jaeden Bowen,999248891,2024,268
Humberto Mcdowell,999248892,2024,269
Madilynn Ramirez,999248893,2024,270
Kade Freeman,999248894,2024,271
Noemi Barajas,999248895,2024,272
Giada Kerr,999248896,2024,273
Gaven Gross,999248897,2024,274
Fabian Mcguire,999248898,2024,275
Savannah Price,999248899,2024,276
Cecelia Gay,999248900,2024,277
Allison Greene,999248901,2024,278
Jakobe Petty,999248902,2024,279
Gaige Coffey,999248903,2024,280
Karter Marquez,999248904,2024,281
Noemi Rojas,999248905,2024,282
Kyler Shields,999248906,2024,283
Royce Garza,999248907,2024,284
Freddy Leonard,999248908,2024,285
Kaeden Cuevas,999248909,2024,286
Janet Scott,999248910,2024,287
Ashlee Case,999248911,2024,288
Johan Powers,999248912,2024,289
Janelle Lang,999248913,2024,290
Ahmad Webster,999248914,2024,291
Dangelo Castillo,999248915,2024,292
Koen Medina,999248916,2024,293
Harry Weaver,999248917,2024,294
Emanuel Griffin,999248918,2024,295
Janessa Sandoval,999248919,2024,296
Mariana Nixon,999248920,2024,297
Chase Valenzuela,999248921,2024,298
Kenny Walker,999248922,2024,299
Milton Randolph,999248923,2024,300
Ellis Rosales,999248924,2024,301
Kathleen Mccann,999248925,2024,302
Adan Stanley,999248926,2024,303
Mariela Greene,999248927,2024,304
Broderick Mullen,999248928,2024,305
Octavio Krause,999248929,2024,306
Ciara Kelley,999248930,2024,307
Gillian Walter,999248931,2024,308
Daniella Rodriguez,999248932,2024,309
Kingston Johnson,999248933,2024,310
Ishaan Hull,999248934,2024,311
Alessandra Cuevas,999248935,2024,312
Maribel Conway,999248936,2024,313
Cayden Schwartz,999248937,2024,314
Chanel Pham,999248938,2024,315
Camden Craig,999248939,2024,316
Ernesto Lawrence,999248940,2024,317
Serena Cummings,999248941,2024,318
Stanley Herring,999248942,2024,319
Ryann Carlson,999248943,2024,320
April Bradshaw,999248944,2024,321
Randy Conley,999248945,2024,322
Nathaniel Delacruz,999248946,2024,323
Ayden Parks,999248947,2024,324
Norah Bailey,999248948,2024,325
Moriah Middleton,999248949,2024,326
Allan Carpenter,999248950,2024,327
Anne Merritt,999248951,2024,328
Keyla James,999248952,2024,329
Kaitlin Conley,999248953,2024,330
Theresa Reeves,999248954,2024,331
Alexzander Larsen,999248955,2024,332
Janessa Meadows,999248956,2024,333
Chasity Bryan,999248957,2024,334
Chaya Bradshaw,999248958,2024,335
Quintin Ingram,999248959,2024,336
Christian Walton,999248960,2024,337
Carlo Fuller,999248961,2024,338
Janet Newman,999248962,2024,339
Amaya Ashley,999248963,2024,340
Maximilian Contreras,999248964,2024,341
Darius Wilcox,999248965,2024,342
Maximus Barker,999248966,2024,343
Sierra Maynard,999248967,2024,344
Davis Mathews,999248968,2024,345
Everett Howell,999248969,2024,346
Heather Juarez,999248970,2024,347
Isai Clark,999248971,2024,348
Sofia Benitez,999248972,2024,349
Madelyn Hays,999248973,2024,350
Addisyn Crawford,999248974,2024,351
Keely Lowery,999248975,2024,352
Diya Rivers,999248976,2024,353
Dante Dudley,999248977,2024,354
Aimee Price,999248978,2024,355
Carl Powers,999248979,2024,356
Sharon Adams,999248980,2024,357
Nora Carlson,999248981,2024,358
Belen Rosario,999248982,2024,359
Sadie Pollard,999248983,2024,360
Davis Valentine,999248984,2024,361
Abel Austin,999248985,2024,362
Maddox Blackwell,999248986,2024,363
Carsen Mccullough,999248987,2024,364
Ada Riggs,999248988,2024,365
Fletcher Mcdonald,999248989,2024,366
Antwan Blanchard,999248990,2024,367
Kaden Wise,999248991,2024,368
Abraham Hendrix,999248992,2024,369
Maren Haley,999248993,2024,370
Yosef Beck,999248994,2024,371
Jazmyn Hurst,999248995,2024,372
Aidyn Bright,999248996,2024,373
Evie Boyer,999248997,2024,374
Carley Humphrey,999248998,2024,375
Emmanuel Contreras,999248999,2024,376
Bernard Bates,999249000,2024,377
Mike Brooks,999249001,2024,378
Kendal Harvey,999249002,2024,379
Maggie Wilkerson,999249003,2024,380
Luna Jackson,999249004,2024,381
Lucas Newman,999249005,2024,382
Ashtyn Coleman,999249006,2024,383
Dominik Bass,999249007,2024,384
Rylan Norman,999249008,2024,385
Larissa Mccormick,999249009,2024,386
Sylvia Kennedy,999249010,2024,387
Allisson Pitts,999249011,2024,388
Sherlyn Davila,999249012,2024,389
Troy Cox,999249013,2024,390
Brittany Vazquez,999249014,2024,391
Aliya Stokes,999249015,2024,392
Braylen Cummings,999249016,2024,393
Raymond Andrade,999249017,2024,394
Joaquin Vance,999249018,2024,395
Bailey George,999249019,2024,396
Khloe Randolph,999249020,2024,397
Campbell Ballard,999249021,2024,398
Annika Monroe,999249022,2024,399
Maxwell Conner,999249023,2024,400
Kyleigh Hawkins,999249024,2024,401
Imani Mcconnell,999249025,2024,402
Kylie Hahn,999249026,2024,403
Myles Li,999249027,2024,404
Sheldon Oneal,999249028,2024,405
Lola Simon,999249029,2024,406
Kendal Allison,999249030,2024,407
Gaven Romero,999249031,2024,408
Ximena Holloway,999249032,2024,409
Mariam Luna,999249033,2024,410
Andreas Morales,999249034,2024,411
Clara Mullen,999249035,2024,412
Rhett Fischer,999249036,2024,413
Adeline Higgins,999249037,2024,414
Kenny Lindsey,999249038,2024,415
Magdalena Gray,999249039,2024,416
Nick Bell,999249040,2024,417
Remington Stuart,999249041,2024,418
Rachel Sanders,999249042,2024,419
Jadyn Cooley,999249043,2024,420
Bobby Olson,999249044,2024,421
Sarai Downs,999249045,2024,422
Slade Cervantes,999249046,2024,423
Dalton Mcfarland,999249047,2024,424
Veronica Yates,999249048,2024,425
Abagail Brewer,999249049,2024,426
Karlie Valdez,999249050,2024,427
Thomas Dyer,999249051,2024,428
Dakota Hopkins,999249052,2024,429
Jerome Sloan,999249053,2024,430
Mylee Porter,999249054,2024,431
Maverick Freeman,999249055,2024,432
Heidy Calhoun,999249056,2024,433
Johanna Peterson,999249057,2024,434
Tanner Castro,999249058,2024,435
Krista Beck,999249059,2024,436
Lincoln Pena,999249060,2024,437
Shaylee Sims,999249061,2024,438
Yusuf Navarro,999249062,2024,439
Camila Clements,999249063,2024,440
Mya Pacheco,999249064,2024,441
Zack Andrade,999249065,2024,442
Moshe Sutton,999249066,2024,443
Aldo Hodge,999249067,2024,444
Jaiden Mays,999249068,2024,445
Fernanda Martin,999249069,2024,446
Tara Beck,999249070,2024,447
Baron Key,999249071,2024,448
Anthony Cook,999249072,2024,449
Evelyn Mckee,999249073,2024,450
Aron Frye,999249074,2024,451
Alexis Logan,999249075,2024,452
Frederick Craig,999249076,2024,453
Marques Walker,999249077,2024,454
Julian Nash,999249078,2024,455
Stanley Newton,999249079,2024,456
Jair Ramirez,999249080,2024,457
Janessa Paul,999249081,2024,458
Casey Lam,999249082,2024,459
Sadie Cooper,999249083,2024,460
Julien Conrad,999249084,2024,461
Shaun Maddox,999249085,2024,462
Athena Heath,999249086,2024,463
Alivia Oconnell,999249087,2024,464
Cailyn Marshall,999249088,2024,465
Malaki Noble,999249089,2024,466
Dillan Cameron,999249090,2024,467
John Ewing,999249091,2024,468
Andres Elliott,999249092,2024,469
Anahi Soto,999249093,2024,470
Emelia Jennings,999249094,2024,471
Dominick Frederick,999249095,2024,472
Lawson Newton,999249096,2024,473
Ashlynn Mcgee,999249097,2024,474
Lauryn Fleming,999249098,2024,475
Jamiya Jackson,999249099,2024,476
Cael Oneill,999249100,2024,477
Keyon Benjamin,999249101,2024,478
Mireya Levy,999249102,2024,479
Giada Marshall,999249103,2024,480
Quinn Bradshaw,999249104,2024,481
Luna Green,999249105,2024,482
Zaniyah Rich,999249106,2024,483
Nelson Lee,999249107,2024,484
Jaidyn Davenport,999249108,2024,485
Antwan Conner,999249109,2024,486
Camryn Mcclain,999249110,2024,487
Phoenix Mays,999249111,2024,488
Callie Stuart,999249112,2024,489
Tiffany Porter,999249113,2024,490
Jaycee Barber,999249114,2024,491
Devon Cowan,999249115,2024,492
Leticia Beasley,999249116,2024,493
Jovanny Zamora,999249117,2024,494
Jazmine Osborn,999249118,2024,495
Hayley Clayton,999249119,2024,496
Eliezer Steele,999249120,2024,497
Kellen Kim,999249121,2024,498
Riya Owens,999249122,2024,499
George Escobar,999249123,2024,500
Camryn Griffith,999249124,2024,501
Ezequiel Farrell,999249125,2024,502
Alonso Burch,999249126,2024,503
Pierce Middleton,999249127,2024,504
Trinity Mckinney,999249128,2024,505
Lana Frank,999249129,2024,506
Bailey Horton,999249130,2024,507
Yadira Copeland,999249131,2024,508
Reina Christian,999249132,2024,509
Urijah Spencer,999249133,2024,510
Kadin Thornton,999249134,2024,511
Rayne Flynn,999249135,2024,512
Karli Schultz,999249136,2024,513
Israel Pennington,999249137,2024,514
Mateo Boyle,999249138,2024,515
Rhett Fisher,999249139,2024,516
Zachary Nixon,999249140,2024,517
Carleigh Barber,999249141,2024,518
Lewis Mcknight,999249142,2024,519
Brendan Estes,999249143,2024,520
Emmanuel Ferguson,999249144,2024,521
Donavan Schultz,999249145,2024,522
Esther Coffey,999249146,2024,523
Damarion Hines,999249147,2024,524
Sara Jefferson,999249148,2024,525
Jovan Yates,999249149,2024,526
Alana Kelly,999249150,2024,527
Lena Gallagher,999249151,2024,528
Brisa Dickson,999249152,2024,529
Cole Reeves,999249153,2024,530
Niko Roman,999249154,2024,531
Juliet Sexton,999249155,2024,532
Lucian Beck,999249156,2024,533
George Proctor,999249157,2024,534
Dax Levine,999249158,2024,535
Susan Chang,999249159,2024,536
Annabelle Brewer,999249160,2024,537
Kayden Hampton,999249161,2024,538
Marshall Luna,999249162,2024,539
Orlando Miranda,999249163,2024,540
Tyrell Ramos,999249164,2024,541
Kyla Cisneros,999249165,2024,542
Makayla York,999249166,2024,543
Fabian Young,999249167,2024,544
Gerald Ford,999249168,2024,545
Amiyah Oconnor,999249169,2024,546
Carlee Mercer,999249170,2024,547
Finnegan Cross,999249171,2024,548
Janessa Liu,999249172,2024,549
Caylee Shaffer,999249173,2024,550
Emily Mejia,999249174,2024,551
Tianna Raymond,999249175,2024,552
Barbara Reeves,999249176,2024,553
Devon Franklin,999249177,2024,554
Kaitlyn Bowen,999249178,2024,555
Phillip Nixon,999249179,2024,556
Kendal Sutton,999249180,2024,557
Jamal Strong,999249181,2024,558
Harry Henson,999249182,2024,559
Lexi Oconnor,999249183,2024,560
Ethen Rodgers,999249184,2024,561
Rodrigo Gould,999249185,2024,562
Genevieve Lowe,999249186,2024,563
Ashton Scott,999249187,2024,564
Dereon Schaefer,999249188,2024,565
Brittany Solomon,999249189,2024,566
Makenna Kaufman,999249190,2024,567
Zander Buckley,999249191,2024,568
Kaia Berry,999249192,2024,569
Isla Lane,999249193,2024,570
Talan Bean,999249194,2024,571
Elaine Costa,999249195,2024,572
Trenton Mcintosh,999249196,2024,573
Preston Malone,999249197,2024,574
Alec Cantu,999249198,2024,575
Dorian Yates,999249199,2024,576
Bailey Hebert,999249200,2024,577
Marcelo Horne,999249201,2024,578
Katrina Best,999249202,2024,579
Andrea Cherry,999249203,2024,580
Skyla Warner,999249204,2024,581
Frances Aguilar,999249205,2024,582
Eli Cortez,999249206,2024,583
Curtis Wise,999249207,2024,584
Rodolfo Shields,999249208,2024,585
Fernanda Clarke,999249209,2024,586
Ariel Macdonald,999249210,2024,587
Ashley Munoz,999249211,2024,588
Anabel Lester,999249212,2024,589
Bryce Coleman,999249213,2024,590
Karlee Meyers,999249214,2024,591
Andy Melendez,999249215,2024,592
Trent Tran,999249216,2024,593
Lilia Morgan,999249217,2024,594
Rhett Waters,999249218,2024,595
Holly Tate,999249219,2024,596
Akira Hurley,999249220,2024,597
Ashly Holmes,999249221,2024,598
Adam Jacobs,999249222,2024,599
Lydia Buck,999249223,2024,600
Kathleen Francis,999249224,2024,601
Grace Hendrix,999249225,2024,602
Conor Soto,999249226,2024,603
Antwan Hopkins,999249227,2024,604
Parker Leach,999249228,2024,605
Leland Pruitt,999249229,2024,606
Irvin Griffin,999249230,2024,607
Laurel Leon,999249231,2024,608
Augustus Barron,999249232,2024,609
Rogelio Knight,999249233,2024,610
Royce Werner,999249234,2024,611
Iyana Montoya,999249235,2024,612
Jeremy Leblanc,999249236,2024,613
Lewis Lucero,999249237,2024,614
Izayah Baxter,999249238,2024,615
Rachel Huff,999249239,2024,616
Georgia Case,999249240,2024,617
Hayley Butler,999249241,2024,618
Xander Hawkins,999249242,2024,619
Harley Robbins,999249243,2024,620
Carley Lindsey,999249244,2024,621
Valentin Howe,999249245,2024,622
Luca Miranda,999249246,2024,623
Jaqueline Fritz,999249247,2024,624
Brielle Moyer,999249248,2024,625
Hailee Faulkner,999249249,2024,626
Zion Morales,999249250,2024,627
Justus Charles,999249251,2024,628
Adison Shepherd,999249252,2024,629
Briley Sharp,999249253,2024,630
Sasha Underwood,999249254,2024,631
Cordell Oconnell,999249255,2024,632
Adam Morris,999249256,2024,633
Zaiden Hood,999249257,2024,634
Mikaela Cross,999249258,2024,635
Amina Lang,999249259,2024,636
Muhammad Hebert,999249260,2024,637
Sydnee Daugherty,999249261,2024,638
Janiya Leblanc,999249262,2024,639
Alonso Baldwin,999249263,2024,640
Stephen Gibbs,999249264,2024,641
Bailee Ewing,999249265,2024,642
Jayce Colon,999249266,2024,643
Jackson Martinez,999249267,2024,644
Janiyah Padilla,999249268,2024,645
Bria Steele,999249269,2024,646
Kimora Hawkins,999249270,2024,647
Aracely Roberts,999249271,2024,648
Angelina Bailey,999249272,2024,649
Madeline Mills,999249273,2024,650
Demarion Riggs,999249274,2024,651
Alessandro Franklin,999249275,2024,652
Ezekiel Cochran,999249276,2024,653
Kaylen Estes,999249277,2024,654
Abdullah Pearson,999249278,2024,655
Judith Hubbard,999249279,2024,656
Rishi Robertson,999249280,2024,657
Kylee Woods,999249281,2024,658
Braylon Blanchard,999249282,2024,659
Jordan Shah,999249283,2024,660
Maddison Valenzuela,999249284,2024,661
Giancarlo Kerr,999249285,2024,662
Naima Mcintyre,999249286,2024,663
Conor Ellis,999249287,2024,664
Tony Richard,999249288,2024,665
Valentina Allen,999249289,2024,666
Shayna Hines,999249290,2024,667
Braedon Nunez,999249291,2024,668
Messiah Stanton,999249292,2024,669
Brennan Shah,999249293,2024,670
Steven Marsh,999249294,2024,671
Gavyn Austin,999249295,2024,672
Matthias Taylor,999249296,2024,673
Micheal Browning,999249297,2024,674
Abdullah Willis,999249298,2024,675
Lainey Grant,999249299,2024,676
Riley Owen,999249300,2024,677
Patrick Lam,999249301,2024,678
Makayla Newman,999249302,2024,679
Brynn Skinner,999249303,2024,680
Julio Kemp,999249304,2024,681
Hugo Daniels,999249305,2024,682
Anton Raymond,999249306,2024,683
Sophie Winters,999249307,2024,684
Kelly Stone,999249308,2024,685
Ciara Solomon,999249309,2024,686
Zander Lin,999249310,2024,687
Zackary Romero,999249311,2024,688
Kelsie Simon,999249312,2024,689
Lilia Leonard,999249313,2024,690
Alessandra Willis,999249314,2024,691
Ansley Lester,999249315,2024,692
Angelo Cochran,999249316,2024,693
Jabari Atkinson,999249317,2024,694
Davian Rodgers,999249318,2024,695
Eva Nixon,999249319,2024,696
Leonel Moreno,999249320,2024,697
Gael Cruz,999249321,2024,698
Adalynn Cervantes,999249322,2024,699
Jonah Norton,999249323,2024,700
Baylee Mccann,999249324,2024,701
Raul Middleton,999249325,2024,702
Ashtyn Ware,999249326,2024,703
Brynn Jackson,999249327,2024,704
Marlee Hutchinson,999249328,2024,705
Chaim Parsons,999249329,2024,706
Fisher Norris,999249330,2024,707
Elijah Rangel,999249331,2024,708
Rashad Torres,999249332,2024,709
Teagan Benson,999249333,2024,710
Angelo Tate,999249334,2024,711
Anton Ortiz,999249335,2024,712
Jaylin Villanueva,999249336,2024,713
Seth Schwartz,999249337,2024,714
Karter Ray,999249338,2024,715
Kenna Durham,999249339,2024,716
Slade Fletcher,999249340,2024,717
Christina Pacheco,999249341,2024,718
Joanna Joseph,999249342,2024,719
Grant Rice,999249343,2024,720
Yair Romero,999249344,2024,721
Cloe Mcknight,999249345,2024,722
Orion Burke,999249346,2024,723
Estrella Carter,999249347,2024,724
Marcel Gomez,999249348,2024,725
Jayla Solis,999249349,2024,726
Alden Cummings,999249350,2024,727
Amiyah Bruce,999249351,2024,728
Koen Noble,999249352,2024,729
Bryce Hahn,999249353,2024,730
Jazmin Morales,999249354,2024,731
Ruth Rivas,999249355,2024,732
Yadiel Buckley,999249356,2024,733
Shania Nichols,999249357,2024,734
Saniyah Warner,999249358,2024,735
Kaylen Flores,999249359,2024,736
Kaydence Douglas,999249360,2024,737
Rigoberto Marsh,999249361,2024,738
Grant Dean,999249362,2024,739
Danika Hester,999249363,2024,740
Marc Norman,999249364,2024,741
Waylon Shaw,999249365,2024,742
Cannon Mueller,999249366,2024,743
Mollie Brandt,999249367,2024,744
Jayleen Dunlap,999249368,2024,745
Cheyanne Snyder,999249369,2024,746
Shea Day,999249370,2024,747
Karina Beard,999249371,2024,748
Finn Herring,999249372,2024,749
Johnny Edwards,999249373,2024,750
Desirae Welch,999249374,2025,1
Alina Kidd,999249375,2025,2
Randall Reid,999249376,2025,3
Lilia Vaughan,999249377,2025,4
Leslie King,999249378,2025,5
Zack Fleming,999249379,2025,6
Andrea Gregory,999249380,2025,7
Leonidas Lane,999249381,2025,8
Robert Sanders,999249382,2025,9
Semaj Cervantes,999249383,2025,10
Maddox English,999249384,2025,11
Naomi Parks,999249385,2025,12
Emily Oconnell,999249386,2025,13
Jaylen Yates,999249387,2025,14
Saige Shields,999249388,2025,15
Jocelynn Trujillo,999249389,2025,16
Fabian Alvarado,999249390,2025,17
Giovanni Zamora,999249391,2025,18
Katherine Richardson,999249392,2025,19
Greta Wright,999249393,2025,20
Maverick Copeland,999249394,2025,21
Mireya Perry,999249395,2025,22
Elisa English,999249396,2025,23
Virginia Meyer,999249397,2025,24
Harley Mccall,999249398,2025,25
Alvin Orr,999249399,2025,26
Carlo Garcia,999249400,2025,27
Aylin Moss,999249401,2025,28
Brielle Cervantes,999249402,2025,29
Justus Ellison,999249403,2025,30
Alayna Terry,999249404,2025,31
Kyler Casey,999249405,2025,32
Julio Acevedo,999249406,2025,33
Marely Valenzuela,999249407,2025,34
Kendrick Carter,999249408,2025,35
Daisy Francis,999249409,2025,36
Zayne Owens,999249410,2025,37
Jadiel Camacho,999249411,2025,38
Marquise Ayala,999249412,2025,39
Rosa Mcdonald,999249413,2025,40
Jacoby Soto,999249414,2025,41
Brooklynn Massey,999249415,2025,42
Lola Logan,999249416,2025,43
Jillian Cruz,999249417,2025,44
Maximilian Douglas,999249418,2025,45
Aditya Morales,999249419,2025,46
Jaydin Harrell,999249420,2025,47
Giovani Patel,999249421,2025,48
Marco Hopkins,999249422,2025,49
Christian Vance,999249423,2025,50
Morgan Schroeder,999249424,2025,51
Mylie Coffey,999249425,2025,52
Richard Proctor,999249426,2025,53
Yaretzi Soto,999249427,2025,54
Salvador Mcneil,999249428,2025,55
Jenny Cline,999249429,2025,56
Iliana Hartman,999249430,2025,57
Helena Morse,999249431,2025,58
Semaj Colon,999249432,2025,59
Quentin Harmon,999249433,2025,60
Rafael Rich,999249434,2025,61
Makenzie Gregory,999249435,2025,62
Breanna Webster,999249436,2025,63
Rebekah Harris,999249437,2025,64
Patience Fry,999249438,2025,65
Aiden Dodson,999249439,2025,66
Melanie Beard,999249440,2025,67
Aaron Carr,999249441,2025,68
Tyrone Dunn,999249442,2025,69
Beckham Craig,999249443,2025,70
Trystan Waters,999249444,2025,71
Tyrese Barr,999249445,2025,72
Brian Herring,999249446,2025,73
Tony Frost,999249447,2025,74
Tyrese Schaefer,999249448,2025,75
Zion Escobar,999249449,2025,76
Lilly Sexton,999249450,2025,77
Tyler Potts,999249451,2025,78
Clark Lozano,999249452,2025,79
Emerson Meza,999249453,2025,80
Areli Patrick,999249454,2025,81
Maximo Levy,999249455,2025,82
Seth Cox,999249456,2025,83
Kai Zamora,999249457,2025,84
Matias Elliott,999249458,2025,85
Nolan Pittman,999249459,2025,86
Tucker Donovan,999249460,2025,87
Campbell Berg,999249461,2025,88
Jordin Yates,999249462,2025,89
Kenya Kidd,999249463,2025,90
Aniyah Cox,999249464,2025,91
Aisha Fitzgerald,999249465,2025,92
Jayleen Costa,999249466,2025,93
Atticus Knapp,999249467,2025,94
Philip Leon,999249468,2025,95
Cheyanne Hernandez,999249469,2025,96
Athena Harrington,999249470,2025,97
Cohen Sheppard,999249471,2025,98
Presley Bennett,999249472,2025,99
Magdalena Whitney,999249473,2025,100
Alisson Cox,999249474,2025,101
Adrianna Giles,999249475,2025,102
Gunner Villegas,999249476,2025,103
Ryan Ali,999249477,2025,104
Aisha Mendoza,999249478,2025,105
Kaila Krause,999249479,2025,106
Wilson Rubio,999249480,2025,107
Elisa Chan,999249481,2025,108
Erin Mcgrath,999249482,2025,109
Nayeli Gaines,999249483,2025,110
Henry Tyler,999249484,2025,111
Mina Trujillo,999249485,2025,112
Elsa Cherry,999249486,2025,113
Jameson Morrow,999249487,2025,114
Malaki Lopez,999249488,2025,115
Ronan Macdonald,999249489,2025,116
Marlon Reese,999249490,2025,117
Janet Vang,999249491,2025,118
Mckenzie Burnett,999249492,2025,119
Lexi Bautista,999249493,2025,120
Giada Vega,999249494,2025,121
Brooklyn Stein,999249495,2025,122
Maxwell Riley,999249496,2025,123
Jayden Mann,999249497,2025,124
Alvin Lester,999249498,2025,125
Matias Waller,999249499,2025,126
Harley Webster,999249500,2025,127
Sherlyn Carpenter,999249501,2025,128
Anya Huffman,999249502,2025,129
Alex Dorsey,999249503,2025,130
Aimee Prince,999249504,2025,131
Jamie Downs,999249505,2025,132
Kayden Moreno,999249506,2025,133
Mareli Villarreal,999249507,2025,134
Nataly Frank,999249508,2025,135
Francis Huff,999249509,2025,136
Madeline Norton,999249510,2025,137
Braden Roach,999249511,2025,138
Zander Guzman,999249512,2025,139
Saul Murray,999249513,2025,140
Makai Delgado,999249514,2025,141
Porter Velazquez,999249515,2025,142
Elisa Cervantes,999249516,2025,143
Estrella Ray,999249517,2025,144
Elian Wiley,999249518,2025,145
Isaac Ball,999249519,2025,146
Nikhil Compton,999249520,2025,147
Kenyon Taylor,999249521,2025,148
Colin Solis,999249522,2025,149
Krista Salas,999249523,2025,150
Chaim Flowers,999249524,2025,151
Laurel Washington,999249525,2025,152
Nina Zimmerman,999249526,2025,153
Edgar Reid,999249527,2025,154
Abraham Rhodes,999249528,2025,155
Lorelei Dennis,999249529,2025,156
Bethany Davila,999249530,2025,157
Kaden Murphy,999249531,2025,158
Annika Daniel,999249532,2025,159
Patricia Hansen,999249533,2025,160
Marie Reynolds,999249534,2025,161
Margaret Davies,999249535,2025,162
Colin Lloyd,999249536,2025,163
Isaac Neal,999249537,2025,164
Garrett Thornton,999249538,2025,165
Lawrence Glover,999249539,2025,166
Serenity Montes,999249540,2025,167
Charles Bauer,999249541,2025,168
Haiden Villa,999249542,2025,169
Ean Delgado,999249543,2025,170
Damien Hubbard,999249544,2025,171
Lorelei Boyle,999249545,2025,172
Aedan Park,999249546,2025,173
Orion Cantu,999249547,2025,174
Estrella Lane,999249548,2025,175
Slade Nunez,999249549,2025,176
Emelia Lawson,999249550,2025,177
Adrianna Becker,999249551,2025,178
Ruby Wood,999249552,2025,179
Keon Griffith,999249553,2025,180
Isai Estes,999249554,2025,181
Makaila Berg,999249555,2025,182
Antwan Wilkinson,999249556,2025,183
Marquis Walter,999249557,2025,184
Milton Clay,999249558,2025,185
Cherish Mcconnell,999249559,2025,186
Imani Jackson,999249560,2025,187
Maverick Horne,999249561,2025,188
Rachel Nielsen,999249562,2025,189
Aria Rojas,999249563,2025,190
Jane Faulkner,999249564,2025,191
Maria Noble,999249565,2025,192
Myles Mahoney,999249566,2025,193
Caden Bryan,999249567,2025,194
Marco Norris,999249568,2025,195
Edwin Macdonald,999249569,2025,196
Davin Nash,999249570,2025,197
Rex Howe,999249571,2025,198
Braylen Dodson,999249572,2025,199
Whitney Hopkins,999249573,2025,200
Darion Ballard,999249574,2025,201
Samantha Watts,999249575,2025,202
Jaydon Baird,999249576,2025,203
Graham Potts,999249577,2025,204
Van Dyer,999249578,2025,205
Siena Rivers,999249579,2025,206
Lydia Larson,999249580,2025,207
Frances Phelps,999249581,2025,208
Layton Fischer,999249582,2025,209
Shayna Davidson,999249583,2025,210
Aryana Hanson,999249584,2025,211
Alivia Newton,999249585,2025,212
Alexis Hanson,999249586,2025,213
Nehemiah Quinn,999249587,2025,214
Warren Cummings,999249588,2025,215
Josue Hurst,999249589,2025,216
Aisha Cruz,999249590,2025,217
Jay Simmons,999249591,2025,218
Dalton Barajas,999249592,2025,219
Samir Watkins,999249593,2025,220
Jacoby Avery,999249594,2025,221
Trenton Estrada,999249595,2025,222
Sabrina Yates,999249596,2025,223
Bailey Booth,999249597,2025,224
Emmett Walton,999249598,2025,225
Lillian Jacobs,999249599,2025,226
Paityn Patel,999249600,2025,227
Caleb Velez,999249601,2025,228
Savannah Wolfe,999249602,2025,229
Zion Horne,999249603,2025,230
Franco George,999249604,2025,231
Laura Oconnell,999249605,2025,232
Jaden Duarte,999249606,2025,233
Brycen Meadows,999249607,2025,234
Martha Thompson,999249608,2025,235
Carina Rios,999249609,2025,236
Kade Hooper,999249610,2025,237
Marques Weeks,999249611,2025,238
Cyrus Morse,999249612,2025,239
Julianna Simpson,999249613,2025,240
Liana Mullen,999249614,2025,241
Frances Torres,999249615,2025,242
Steven Meza,999249616,2025,243
Julianne Faulkner,999249617,2025,244
Drew Spence,999249618,2025,245
Aiyana Raymond,999249619,2025,246
Gemma Faulkner,999249620,2025,247
Karla Mcclain,999249621,2025,248
Eden Woodward,999249622,2025,249
Jasper Dudley,999249623,2025,250
Emilio Sexton,999249624,2025,251
Teagan Mahoney,999249625,2025,252
Alfredo Brown,999249626,2025,253
Alicia Nichols,999249627,2025,254
Aurora Khan,999249628,2025,255
Ishaan Shah,999249629,2025,256
Sierra Mcpherson,999249630,2025,257
Kasen Landry,999249631,2025,258
Jaron Reyes,999249632,2025,259
Faith Smith,999249633,2025,260
Perla Thompson,999249634,2025,261
Arnav Vargas,999249635,2025,262
Zoey Vaughan,999249636,2025,263
Adriel Mccullough,999249637,2025,264
Skyler Mcdowell,999249638,2025,265
Finley Townsend,999249639,2025,266
Allan Paul,999249640,2025,267
Jordan Giles,999249641,2025,268
Maia Walsh,999249642,2025,269
Charlize Oneal,999249643,2025,270
Keon Beltran,999249644,2025,271
Coby Christian,999249645,2025,272
Lydia Potter,999249646,2025,273
Wyatt Mcpherson,999249647,2025,274
Janiah Good,999249648,2025,275
Paul Owen,999249649,2025,276
Aileen Duran,999249650,2025,277
Alanna Alvarez,999249651,2025,278
Brielle Atkinson,999249652,2025,279
Alfredo Liu,999249653,2025,280
Kelly Villanueva,999249654,2025,281
Jermaine Blankenship,999249655,2025,282
Malaki Benitez,999249656,2025,283
Teresa Reyes,999249657,2025,284
Jewel Burns,999249658,2025,285
Kasen Ellison,999249659,2025,286
June Hickman,999249660,2025,287
Bradyn Jefferson,999249661,2025,288
Allyson Singh,999249662,2025,289
Dallas Ford,999249663,2025,290
Dashawn Peterson,999249664,2025,291
Judah Burton,999249665,2025,292
Carsen Mason,999249666,2025,293
Ayden Burns,999249667,2025,294
Hana Acevedo,999249668,2025,295
Maggie Foster,999249669,2025,296
Cohen Zuniga,999249670,2025,297
Amelie Wilcox,999249671,2025,298
Jayvon Pham,999249672,2025,299
Helen Koch,999249673,2025,300
Baron Ho,999249674,2025,301
Fernando Carlson,999249675,2025,302
Paisley Lozano,999249676,2025,303
Ashlee Cervantes,999249677,2025,304
Taniya Nichols,999249678,2025,305
Jerome Wallace,999249679,2025,306
Jade Fischer,999249680,2025,307
Omar Noble,999249681,2025,308
Cindy Hopkins,999249682,2025,309
Colten Sanchez,999249683,2025,310
Hanna Marshall,999249684,2025,311
Ryder Hernandez,999249685,2025,312
Marisa Dominguez,999249686,2025,313
Yadiel Rose,999249687,2025,314
Rene Chandler,999249688,2025,315
Collin Gamble,999249689,2025,316
Clayton Bullock,999249690,2025,317
Larissa Lozano,999249691,2025,318
Katelynn Cochran,999249692,2025,319
Troy Barnett,999249693,2025,320
Kirsten Taylor,999249694,2025,321
Aden Peterson,999249695,2025,322
Savannah Summers,999249696,2025,323
Jaycee Sloan,999249697,2025,324
Maya Manning,999249698,2025,325
Collin Stokes,999249699,2025,326
Kayla Roberts,999249700,2025,327
Kylie Bowers,999249701,2025,328
Camryn Bradley,999249702,2025,329
Juliet Jordan,999249703,2025,330
Abraham Haley,999249704,2025,331
Rhett Bradshaw,999249705,2025,332
Andre Chase,999249706,2025,333
Sullivan Heath,999249707,2025,334
Ishaan Parrish,999249708,2025,335
William Meyers,999249709,2025,336
Ricky Estes,999249710,2025,337
Reed Kidd,999249711,2025,338
Hayden Harrington,999249712,2025,339
Logan Lucero,999249713,2025,340
Jaelynn Huynh,999249714,2025,341
Brody Clements,999249715,2025,342
Christopher Hammond,999249716,2025,343
Kyleigh Howell,999249717,2025,344
Kaitlyn Webb,999249718,2025,345
Immanuel Coleman,999249719,2025,346
Belinda Ashley,999249720,2025,347
Zander Hubbard,999249721,2025,348
Anahi Ward,999249722,2025,349
Joselyn Mcintosh,999249723,2025,350
George Bauer,999249724,2025,351
Van Erickson,999249725,2025,352
Noel Dunn,999249726,2025,353
Shannon Gill,999249727,2025,354
Denzel Oneal,999249728,2025,355
Kaylen Randall,999249729,2025,356
Deangelo Pope,999249730,2025,357
Brett Beasley,999249731,2025,358
Whitney Donovan,999249732,2025,359
Wade Reid,999249733,2025,360
Owen Compton,999249734,2025,361
Wade Novak,999249735,2025,362
Allyson Watkins,999249736,2025,363
Andy Nunez,999249737,2025,364
Haley Roy,999249738,2025,365
Miah Rodriguez,999249739,2025,366
Diya Harmon,999249740,2025,367
Marquis Melendez,999249741,2025,368
Yusuf Robbins,999249742,2025,369
Kash Howell,999249743,2025,370
Annie Mendoza,999249744,2025,371
Jennifer Peck,999249745,2025,372
Graham Ewing,999249746,2025,373
Irene Whitehead,999249747,2025,374
Kenya Brooks,999249748,2025,375
Milagros Rich,999249749,2025,376
Trystan Montoya,999249750,2025,377
Evelyn Daniel,999249751,2025,378
Nataly Mack,999249752,2025,379
Marvin Hanson,999249753,2025,380
Dustin Clarke,999249754,2025,381
Hannah Harrington,999249755,2025,382
Julissa Robbins,999249756,2025,383
Andreas Lozano,999249757,2025,384
Bryant Love,999249758,2025,385
Aydan Schultz,999249759,2025,386
Kyson Hall,999249760,2025,387
Erika Schmidt,999249761,2025,388
Jackson Tyler,999249762,2025,389
Alexis Lyons,999249763,2025,390
Maurice Salas,999249764,2025,391
Jaidyn Walsh,999249765,2025,392
Jordyn Good,999249766,2025,393
Britney Case,999249767,2025,394
Sidney Fernandez,999249768,2025,395
Miranda Conley,999249769,2025,396
Karsyn Clarke,999249770,2025,397
Bryan Wilkinson,999249771,2025,398
Walter Robinson,999249772,2025,399
Erika Colon,999249773,2025,400
Grady Huerta,999249774,2025,401
Jean Chapman,999249775,2025,402
Gina Gilmore,999249776,2025,403
Xander Winters,999249777,2025,404
Donavan Gordon,999249778,2025,405
Nola Kramer,999249779,2025,406
Emerson Patterson,999249780,2025,407
Patrick Goodwin,999249781,2025,408
Mylee Blankenship,999249782,2025,409
Daniel Alvarado,999249783,2025,410
Zion West,999249784,2025,411
Dana Hurley,999249785,2025,412
Deja Massey,999249786,2025,413
Danielle Gentry,999249787,2025,414
Angela Glass,999249788,2025,415
Austin Caldwell,999249789,2025,416
Harold Dorsey,999249790,2025,417
Jaeden Bolton,999249791,2025,418
Kamari Ortiz,999249792,2025,419
Saige Pratt,999249793,2025,420
Addison Clay,999249794,2025,421
Reed Navarro,999249795,2025,422
Ahmad Molina,999249796,2025,423
Aileen Hahn,999249797,2025,424
Karsyn Perry,999249798,2025,425
Jaylin Winters,999249799,2025,426
Eden Patrick,999249800,2025,427
Mylie Strong,999249801,2025,428
Brooklyn Ray,999249802,2025,429
Isai Casey,999249803,2025,430
Ingrid Walls,999249804,2025,431
Reilly Cooley,999249805,2025,432
Janiyah Hickman,999249806,2025,433
Sabrina Hubbard,999249807,2025,434
Bradyn Lara,999249808,2025,435
Leonidas Nicholson,999249809,2025,436
Jermaine Wagner,999249810,2025,437
Noel Sullivan,999249811,2025,438
Darian Perry,999249812,2025,439
Nathalie Ingram,999249813,2025,440
Zachery Parsons,999249814,2025,441
Kaley Montes,999249815,2025,442
Jason Burch,999249816,2025,443
Nash Daniels,999249817,2025,444
Lillian Allison,999249818,2025,445
Julie Mercado,999249819,2025,446
Kody Torres,999249820,2025,447
Norah Hays,999249821,2025,448
Katrina Kane,999249822,2025,449
Giovanni Cuevas,999249823,2025,450
Dario Parks,999249824,2025,451
Giovanny Sanford,999249825,2025,452
Ernesto Adams,999249826,2025,453
Ruth Wiggins,999249827,2025,454
Brynlee Compton,999249828,2025,455
Sydnee Wu,999249829,2025,456
Kierra Mills,999249830,2025,457
Rene Le,999249831,2025,458
Bridget Mendez,999249832,2025,459
Paityn Heath,999249833,2025,460
Aracely Collins,999249834,2025,461
Allie Huff,999249835,2025,462
Justice Reid,999249836,2025,463
Johnathon Gamble,999249837,2025,464
Ashley Turner,999249838,2025,465
Paola Palmer,999249839,2025,466
Jalen Mata,999249840,2025,467
Waylon Avila,999249841,2025,468
Carolyn Frank,999249842,2025,469
Maryjane Dickson,999249843,2025,470
Brycen Vaughn,999249844,2025,471
Delaney Reeves,999249845,2025,472
Jazmin Parks,999249846,2025,473
Lincoln Stokes,999249847,2025,474
Jayvon Lowery,999249848,2025,475
Dale Whitney,999249849,2025,476
Moriah Callahan,999249850,2025,477
Jadyn Mejia,999249851,2025,478
Rachael Blanchard,999249852,2025,479
Perla Browning,999249853,2025,480
Annie Underwood,999249854,2025,481
Taylor Kaiser,999249855,2025,482
Dillon Avery,999249856,2025,483
Cory Jacobs,999249857,2025,484
Callum Reynolds,999249858,2025,485
Elaine Hayes,999249859,2025,486
Jorden Roth,999249860,2025,487
Theodore Foley,999249861,2025,488
Sofia Pace,999249862,2025,489
Josh Bauer,999249863,2025,490
Irvin Spears,999249864,2025,491
Keon Garner,999249865,2025,492
Nia Carroll,999249866,2025,493
Natalee Francis,999249867,2025,494
Elliott Lee,999249868,2025,495
Francisco Mullen,999249869,2025,496
Jerome Cohen,999249870,2025,497
Alissa Jordan,999249871,2025,498
Karla Knight,999249872,2025,499
Shirley Houston,999249873,2025,500
Zane Ball,999249874,2025,501
Elise Raymond,999249875,2025,502
Damion Foster,999249876,2025,503
Lara Fuller,999249877,2025,504
Madilyn Huffman,999249878,2025,505
Salma Foster,999249879,2025,506
Annabella Lara,999249880,2025,507
Leonel Randolph,999249881,2025,508
Drew Mays,999249882,2025,509
Derrick Marshall,999249883,2025,510
Selina Richmond,999249884,2025,511
Anaya Mcgrath,999249885,2025,512
Layton Jensen,999249886,2025,513
Valentina Moreno,999249887,2025,514
Kyson Norris,999249888,2025,515
Taniya Greer,999249889,2025,516
Cherish Arias,999249890,2025,517
Lexie Neal,999249891,2025,518
Alexandra Farmer,999249892,2025,519
Makai Travis,999249893,2025,520
Sterling Thornton,999249894,2025,521
Mackenzie Ross,999249895,2025,522
Jamar Fleming,999249896,2025,523
Alisha Zimmerman,999249897,2025,524
Aditya Travis,999249898,2025,525
Joaquin Donaldson,999249899,2025,526
Nia Hardy,999249900,2025,527
Devyn Copeland,999249901,2025,528
Averie Rowe,999249902,2025,529
Kirsten Glenn,999249903,2025,530
Zachariah Harvey,999249904,2025,531
Tristen Pham,999249905,2025,532
Jaqueline Padilla,999249906,2025,533
Rex Houston,999249907,2025,534
Simeon Hinton,999249908,2025,535
Alfonso Nash,999249909,2025,536
Raul Murray,999249910,2025,537
Juliana Huerta,999249911,2025,538
Ariel Moss,999249912,2025,539
Eve Vang,999249913,2025,540
Alannah Ho,999249914,2025,541
Laurel Cooke,999249915,2025,542
Jason Burns,999249916,2025,543
Mckayla Diaz,999249917,2025,544
August Kerr,999249918,2025,545
Kailee Moon,999249919,2025,546
Howard Jacobs,999249920,2025,547
Adelaide Macias,999249921,2025,548
Ansley Archer,999249922,2025,549
Arnav Duran,999249923,2025,550
June Good,999249924,2025,551
Russell Suarez,999249925,2025,552
Pierre Murillo,999249926,2025,553
Nola Simmons,999249927,2025,554
Darien Savage,999249928,2025,555
Kylee Lindsey,999249929,2025,556
Emilia Stout,999249930,2025,557
Trevon Potter,999249931,2025,558
Keira Leonard,999249932,2025,559
Brielle Avery,999249933,2025,560
Karissa Vargas,999249934,2025,561
Brycen Lopez,999249935,2025,562
Alisa Leonard,999249936,2025,563
Elijah Munoz,999249937,2025,564
Dillon Huynh,999249938,2025,565
Lincoln Blackwell,999249939,2025,566
Sydnee Santiago,999249940,2025,567
Elsie Merritt,999249941,2025,568
Arely Solomon,999249942,2025,569
Ricardo Meza,999249943,2025,570
Jamie Andrews,999249944,2025,571
Sarahi Gould,999249945,2025,572
Valery Browning,999249946,2025,573
Sara Ross,999249947,2025,574
Katie Crosby,999249948,2025,575
Skyler Gonzales,999249949,2025,576
Payten Walter,999249950,2025,577
Jace Daugherty,999249951,2025,578
Aspen Rose,999249952,2025,579
Cameron Camacho,999249953,2025,580
Rowan Tate,999249954,2025,581
Nigel Bates,999249955,2025,582
Autumn Joyce,999249956,2025,583
Lucas Dunlap,999249957,2025,584
Derrick Barnes,999249958,2025,585
Patience Bishop,999249959,2025,586
Santino Long,999249960,2025,587
Maci Bridges,999249961,2025,588
Sean Wong,999249962,2025,589
Kara Murphy,999249963,2025,590
Nylah Rosales,999249964,2025,591
Raquel Taylor,999249965,2025,592
Baylee Barrera,999249966,2025,593
Eleanor Levy,999249967,2025,594
Yusuf Farmer,999249968,2025,595
Savannah Dillon,999249969,2025,596
Joy Ochoa,999249970,2025,597
Urijah Robinson,999249971,2025,598
Gideon Quinn,999249972,2025,599
Carissa Coffey,999249973,2025,600
Ayla Dennis,999249974,2025,601
Pedro Watkins,999249975,2025,602
Catherine Marshall,999249976,2025,603
David Bowers,999249977,2025,604
Sanai Bowen,999249978,2025,605
Madilynn White,999249979,2025,606
Nora Wolf,999249980,2025,607
Reagan Stewart,999249981,2025,608
Oswaldo Wade,999249982,2025,609
Princess Hurley,999249983,2025,610
Kole Ray,999249984,2025,611
Bianca Wyatt,999249985,2025,612
Saul Jennings,999249986,2025,613
Jordin Cook,999249987,2025,614
Peyton Lyons,999249988,2025,615
Amelia Vaughn,999249989,2025,616
Monserrat Bryan,999249990,2025,617
Caroline Cortez,999249991,2025,618
Sophie Yang,999249992,2025,619
Jessie Mcgrath,999249993,2025,620
Gisselle Bolton,999249994,2025,621
Finn Lindsey,999249995,2025,622
Trent Nielsen,999249996,2025,623
Aleah Hudson,999249997,2025,624
Selena Yates,999249998,2025,625
Pierce Parks,999249999,2025,626
Juliet Cooley,999250000,2025,627
Tanner Barker,999250001,2025,628
Hector James,999250002,2025,629
Rosemary Mathis,999250003,2025,630
Isaiah Savage,999250004,2025,631
Leroy Knapp,999250005,2025,632
Jordyn Sims,999250006,2025,633
Anaya Washington,999250007,2025,634
Caleb Harris,999250008,2025,635
Kenneth Johnson,999250009,2025,636
Case Cowan,999250010,2025,637
Selah Cunningham,999250011,2025,638
Ryann Frazier,999250012,2025,639
Raiden Henry,999250013,2025,640
Skyla Ewing,999250014,2025,641
Leon Lang,999250015,2025,642
Shawn Duarte,999250016,2025,643
Broderick Huber,999250017,2025,644
Dean Kim,999250018,2025,645
Jace Ferguson,999250019,2025,646
Marley Diaz,999250020,2025,647
Craig Bright,999250021,2025,648
Josephine Tapia,999250022,2025,649
Brett Macdonald,999250023,2025,650
Aubrie Sanford,999250024,2025,651
Yosef Conley,999250025,2025,652
Yareli Lozano,999250026,2025,653
Noelle Stevens,999250027,2025,654
Heather Gibson,999250028,2025,655
Riley Hoffman,999250029,2025,656
Coby Randolph,999250030,2025,657
Maleah Moon,999250031,2025,658
Cecelia Copeland,999250032,2025,659
Daphne Stein,999250033,2025,660
Ivy Howard,999250034,2025,661
Karla Whitaker,999250035,2025,662
Amelie Schwartz,999250036,2025,663
Anderson Acevedo,999250037,2025,664
Giovani Durham,999250038,2025,665
Clare Norman,999250039,2025,666
Ally Daniel,999250040,2025,667
Justice Bush,999250041,2025,668
Karsyn Duke,999250042,2025,669
Ellis Mcneil,999250043,2025,670
Dayton Mclaughlin,999250044,2025,671
Jaylin Rangel,999250045,2025,672
Isai Long,999250046,2025,673
Ali Stein,999250047,2025,674
Wesley Hill,999250048,2025,675
Vanessa Malone,999250049,2025,676
Zachery Nguyen,999250050,2025,677
Deacon Tucker,999250051,2025,678
Macy Mccullough,999250052,2025,679
Kane Cain,999250053,2025,680
Martha Zavala,999250054,2025,681
Iliana York,999250055,2025,682
Chaim Carter,999250056,2025,683
Saniya Hensley,999250057,2025,684
Marley Robertson,999250058,2025,685
Athena Butler,999250059,2025,686
Van Mccoy,999250060,2025,687
Patricia Hester,999250061,2025,688
Dixie Wood,999250062,2025,689
Nathanael Floyd,999250063,2025,690
Madalynn Saunders,999250064,2025,691
Giovanny Chapman,999250065,2025,692
Kane Potts,999250066,2025,693
Ruben Higgins,999250067,2025,694
Madyson Leon,999250068,2025,695
Colton Stephenson,999250069,2025,696
Ben Hodge,999250070,2025,697
Josiah Watts,999250071,2025,698
Leonard Green,999250072,2025,699
Dania Erickson,999250073,2025,700
Libby Mullins,999250074,2025,701
Cristal Ortiz,999250075,2025,702
Jamal Miranda,999250076,2025,703
Julia Shepherd,999250077,2025,704
Asher Riggs,999250078,2025,705
Jade Kaiser,999250079,2025,706
Troy Washington,999250080,2025,707
Joslyn Keith,999250081,2025,708
Nikolai Paul,999250082,2025,709
Londyn Vega,999250083,2025,710
Janiah Silva,999250084,2025,711
Ada Roach,999250085,2025,712
Giancarlo Richmond,999250086,2025,713
Samuel Mccarthy,999250087,2025,714
Oswaldo Dixon,999250088,2025,715
Fletcher Lara,999250089,2025,716
Winston Mccoy,999250090,2025,717
Tanya Doyle,999250091,2025,718
Aracely Rollins,999250092,2025,719
Casey Bernard,999250093,2025,720
Marlene Pena,999250094,2025,721
Jazmyn Mueller,999250095,2025,722
Finn Rice,999250096,2025,723
Alisson Chambers,999250097,2025,724
Paityn Woodward,999250098,2025,725
Maryjane Tate,999250099,2025,726
Nina Orr,999250100,2025,727
Lucille Zavala,999250101,2025,728
Alvaro Ho,999250102,2025,729
Avery Rowe,999250103,2025,730
Cortez Haney,999250104,2025,731
Elizabeth Hancock,999250105,2025,732
Cristian Hendrix,999250106,2025,733
Israel Brewer,999250107,2025,734
Garrett Robinson,999250108,2025,735
Armani Fischer,999250109,2025,736
Jeffery Case,999250110,2025,737
Peyton Keller,999250111,2025,738
Amara Hamilton,999250112,2025,739
Jovany Avila,999250113,2025,740
Londyn Hudson,999250114,2025,741
Kenneth Hall,999250115,2025,742
Jayvon Meyers,999250116,2025,743
Calvin Travis,999250117,2025,744
Connor Daniel,999250118,2025,745
Esperanza Guerrero,999250119,2025,746
Giuliana Summers,999250120,2025,747
Pierre Lynn,999250121,2025,748
Rubi Wade,999250122,2025,749
Abigayle Burgess,999250123,2025,750
Conrad Mckenzie,999250124,2026,1
Shania Kent,999250125,2026,2
Stanley Young,999250126,2026,3
Paxton West,999250127,2026,4
Makhi Brady,999250128,2026,5
Elena Rojas,999250129,2026,6
Ansley Brennan,999250130,2026,7
Katelyn Montes,999250131,2026,8
Arthur Finley,999250132,2026,9
Chandler Haney,999250133,2026,10
Ainsley Garcia,999250134,2026,11
Gianni Charles,999250135,2026,12
Cory Jordan,999250136,2026,13
Valentino Benjamin,999250137,2026,14
Leslie Blanchard,999250138,2026,15
Michael Yoder,999250139,2026,16
Casey Davis,999250140,2026,17
Saige Gillespie,999250141,2026,18
Joy Barnes,999250142,2026,19
Tabitha Austin,999250143,2026,20
Ana Boyer,999250144,2026,21
Jaqueline Guerrero,999250145,2026,22
Jaidyn Garrison,999250146,2026,23
Karla Banks,999250147,2026,24
Karlee Anthony,999250148,2026,25
Nathaly Lynn,999250149,2026,26
Britney Landry,999250150,2026,27
Graham Bentley,999250151,2026,28
Jonah Bernard,999250152,2026,29
Eden Morales,999250153,2026,30
Quincy Davis,999250154,2026,31
Susan Salazar,999250155,2026,32
Harry Holland,999250156,2026,33
Keyon Harmon,999250157,2026,34
Estrella Kelley,999250158,2026,35
Leonel Fowler,999250159,2026,36
Yamilet Wilcox,999250160,2026,37
Lilian Barajas,999250161,2026,38
Justice Strong,999250162,2026,39
Abdullah Stanton,999250163,2026,40
Mercedes Curtis,999250164,2026,41
Heidy Hooper,999250165,2026,42
Marco Boone,999250166,2026,43
Ashlynn Fowler,999250167,2026,44
Jayvion Wagner,999250168,2026,45
Alexandra Black,999250169,2026,46
Neil Lucas,999250170,2026,47
Rafael Glover,999250171,2026,48
Zaria Silva,999250172,2026,49
Carina Porter,999250173,2026,50
Jaden Lynch,999250174,2026,51
Shelby Mccann,999250175,2026,52
Lucian Navarro,999250176,2026,53
Annabella Coleman,999250177,2026,54
Levi Cannon,999250178,2026,55
Jaden Monroe,999250179,2026,56
Maxwell Rice,999250180,2026,57
Gilberto Colon,999250181,2026,58
Bernard Dickerson,999250182,2026,59
Kendall Stein,999250183,2026,60
Lennon Gallegos,999250184,2026,61
Ingrid Lambert,999250185,2026,62
Maggie Kaufman,999250186,2026,63
Rashad Figueroa,999250187,2026,64
Giovanni May,999250188,2026,65
Grady Gallagher,999250189,2026,66
Jamal Schneider,999250190,2026,67
Lillie Trevino,999250191,2026,68
Aron Santana,999250192,2026,69
Alexa Morris,999250193,2026,70
Ahmad Short,999250194,2026,71
Johanna Guerra,999250195,2026,72
Elizabeth Hodge,999250196,2026,73
Maritza Koch,999250197,2026,74
Jeramiah Gillespie,999250198,2026,75
Monserrat Braun,999250199,2026,76
Jadon Ellis,999250200,2026,77
Kristopher Vega,999250201,2026,78
Rashad Bauer,999250202,2026,79
Martha Sellers,999250203,2026,80
Aleah Gilbert,999250204,2026,81
Caleb Watkins,999250205,2026,82
Aliza Cannon,999250206,2026,83
Jameson Johnston,999250207,2026,84
Kaylin Wolfe,999250208,2026,85
Alisha Branch,999250209,2026,86
Darrell Foley,999250210,2026,87
Dulce Rasmussen,999250211,2026,88
Kendrick Kerr,999250212,2026,89
Alexandria Myers,999250213,2026,90
Lyla Christian,999250214,2026,91
Lara Mercer,999250215,2026,92
Rayan Weber,999250216,2026,93
James Tucker,999250217,2026,94
Braxton Macias,999250218,2026,95
Daniela Mosley,999250219,2026,96
Terrell Boyle,999250220,2026,97
Alena Salas,999250221,2026,98
Kylie Mcintosh,999250222,2026,99
Zackery Palmer,999250223,2026,100
Patricia Mack,999250224,2026,101
Alex Rivers,999250225,2026,102
Keshawn Hubbard,999250226,2026,103
Abagail Zhang,999250227,2026,104
Aimee Houston,999250228,2026,105
Deangelo Conrad,999250229,2026,106
Isla Saunders,999250230,2026,107
Paul Beck,999250231,2026,108
Karson Ramirez,999250232,2026,109
Jaycee Orr,999250233,2026,110
Grace Vazquez,999250234,2026,111
Emerson Aguilar,999250235,2026,112
Theodore Nunez,999250236,2026,113
Lorenzo Merritt,999250237,2026,114
Carolyn Gamble,999250238,2026,115
Dennis Holland,999250239,2026,116
Jordon Armstrong,999250240,2026,117
Mariah Wade,999250241,2026,118
Sidney Ellis,999250242,2026,119
Rolando Roberson,999250243,2026,120
Shawn Blackburn,999250244,2026,121
Evie Gay,999250245,2026,122
Allisson Hebert,999250246,2026,123
Bruce Allen,999250247,2026,124
Cora Santiago,999250248,2026,125
Mylie Clark,999250249,2026,126
Viviana Hahn,999250250,2026,127
Ashlee Sims,999250251,2026,128
Khalil Arroyo,999250252,2026,129
Alondra Stephens,999250253,2026,130
Zariah Ryan,999250254,2026,131
Kamora Blanchard,999250255,2026,132
Claire Jenkins,999250256,2026,133
Rubi Cardenas,999250257,2026,134
Annie Spencer,999250258,2026,135
Nancy Harvey,999250259,2026,136
Juan Lucas,999250260,2026,137
Jarrett Rangel,999250261,2026,138
Ashlee Boone,999250262,2026,139
Cody Mendoza,999250263,2026,140
Marissa Hull,999250264,2026,141
Evelyn Mathis,999250265,2026,142
Maribel Winters,999250266,2026,143
Felix Ruiz,999250267,2026,144
Julian Smith,999250268,2026,145
Bruce Velasquez,999250269,2026,146
Lewis Sparks,999250270,2026,147
Rhys Mccoy,999250271,2026,148
Carla Hodge,999250272,2026,149
Jose Phillips,999250273,2026,150
Amaris Fields,999250274,2026,151
Alma Waters,999250275,2026,152
Randall Pace,999250276,2026,153
Shaun Melendez,999250277,2026,154
Reese Terry,999250278,2026,155
Dayton Valencia,999250279,2026,156
Anahi Galloway,999250280,2026,157
Bailey Potts,999250281,2026,158
Kenzie Castaneda,999250282,2026,159
Johnathon Bradley,999250283,2026,160
Ellie Moody,999250284,2026,161
Niko Cohen,999250285,2026,162
Elise Bolton,999250286,2026,163
Sarai Cameron,999250287,2026,164
Owen Wolf,999250288,2026,165
Alisson Carroll,999250289,2026,166
Zoie Boyle,999250290,2026,167
Elle Huffman,999250291,2026,168
Sandra Hanna,999250292,2026,169
Davion Rowe,999250293,2026,170
Kaylin Jones,999250294,2026,171
Jamarcus Braun,999250295,2026,172
Nina Little,999250296,2026,173
Dayana Hampton,999250297,2026,174
Chaya Bell,999250298,2026,175
Lola Ware,999250299,2026,176
Mareli Bryant,999250300,2026,177
Patience Sherman,999250301,2026,178
Franco Wolfe,999250302,2026,179
Lila Reynolds,999250303,2026,180
Payton Huffman,999250304,2026,181
Troy Krueger,999250305,2026,182
Cynthia Pham,999250306,2026,183
Cadence Conley,999250307,2026,184
Milton Burch,999250308,2026,185
Jace Key,999250309,2026,186
Colt Washington,999250310,2026,187
Sabrina Floyd,999250311,2026,188
Porter Dennis,999250312,2026,189
Hailee Gomez,999250313,2026,190
Alejandro Griffin,999250314,2026,191
Bronson Meza,999250315,2026,192
Hailie Schwartz,999250316,2026,193
Cloe Thompson,999250317,2026,194
Wesley Jensen,999250318,2026,195
Isaac Graham,999250319,2026,196
Dallas Larson,999250320,2026,197
Reece Mcdowell,999250321,2026,198
Hallie Frye,999250322,2026,199
Sheldon Roth,999250323,2026,200
Charles Huffman,999250324,2026,201
Kelton Knight,999250325,2026,202
Donna Burns,999250326,2026,203
Aaden Thornton,999250327,2026,204
Lawrence Roberson,999250328,2026,205
Beatrice Harding,999250329,2026,206
Rylee Montes,999250330,2026,207
Sabrina Payne,999250331,2026,208
Jackson Sweeney,999250332,2026,209
Sara Stephenson,999250333,2026,210
Elise Humphrey,999250334,2026,211
Iliana Mcpherson,999250335,2026,212
Emely Delacruz,999250336,2026,213
Angel Bond,999250337,2026,214
Aubrie Burnett,999250338,2026,215
Mayra Norman,999250339,2026,216
Sabrina Krause,999250340,2026,217
Madelynn Velasquez,999250341,2026,218
Darnell Hayden,999250342,2026,219
Madalynn Terry,999250343,2026,220
Ralph Griffith,999250344,2026,221
Anabel Moon,999250345,2026,222
Kristen Soto,999250346,2026,223
Rodney Gibson,999250347,2026,224
Payton Daugherty,999250348,2026,225
Madalyn Shelton,999250349,2026,226
Devon Short,999250350,2026,227
Heaven Barton,999250351,2026,228
Lara Daniels,999250352,2026,229
Jaylon House,999250353,2026,230
Felix Combs,999250354,2026,231
Regina Bradford,999250355,2026,232
Tiana Tanner,999250356,2026,233
Gerald Jimenez,999250357,2026,234
Jayvon Henson,999250358,2026,235
Jayson Bennett,999250359,2026,236
Matilda Mckay,999250360,2026,237
Hector Swanson,999250361,2026,238
Jean Sampson,999250362,2026,239
Maya Cannon,999250363,2026,240
Quincy Morton,999250364,2026,241
Phoebe Dawson,999250365,2026,242
Ann Wilkerson,999250366,2026,243
Alia Delacruz,999250367,2026,244
Wade Barr,999250368,2026,245
Megan Acosta,999250369,2026,246
Leila Mendoza,999250370,2026,247
Rylan Conley,999250371,2026,248
Julian Mcdonald,999250372,2026,249
Kiley Cummings,999250373,2026,250
Brenton Ochoa,999250374,2026,251
Shamar Luna,999250375,2026,252
Ian Harrison,999250376,2026,253
Maria Dyer,999250377,2026,254
Lance Bonilla,999250378,2026,255
Chasity French,999250379,2026,256
Bradyn Daugherty,999250380,2026,257
Finnegan Mercer,999250381,2026,258
Leandro Donovan,999250382,2026,259
Willow Kelly,999250383,2026,260
Tyson Hickman,999250384,2026,261
Raven Baker,999250385,2026,262
Dalia Navarro,999250386,2026,263
Jake Juarez,999250387,2026,264
Mike Ponce,999250388,2026,265
Carter Roberson,999250389,2026,266
Ricardo Crawford,999250390,2026,267
Quinton Castillo,999250391,2026,268
Hunter Shields,999250392,2026,269
Addyson Rush,999250393,2026,270
Camryn Peck,999250394,2026,271
Elias James,999250395,2026,272
Izaiah Sanchez,999250396,2026,273
Aaron Lamb,999250397,2026,274
Sebastian Heath,999250398,2026,275
Colby Mercado,999250399,2026,276
Clinton Ferrell,999250400,2026,277
Michelle Harrison,999250401,2026,278
Amina Fitzgerald,999250402,2026,279
Caden Alexander,999250403,2026,280
Conner Bryant,999250404,2026,281
Macy Goodwin,999250405,2026,282
Kaylin Davila,999250406,2026,283
Odin Tapia,999250407,2026,284
Londyn Sellers,999250408,2026,285
Marcus Mercer,999250409,2026,286
Jamison Alvarado,999250410,2026,287
Anahi Willis,999250411,2026,288
Cordell Lewis,999250412,2026,289
Fabian Garcia,999250413,2026,290
Alexzander Hester,999250414,2026,291
Noe Hahn,999250415,2026,292
Aldo Williamson,999250416,2026,293
Kaylen Knight,999250417,2026,294
Amari Hinton,999250418,2026,295
Rowan King,999250419,2026,296
Shyann Bolton,999250420,2026,297
Emma Steele,999250421,2026,298
Rey Elliott,999250422,2026,299
Tommy Mccall,999250423,2026,300
Meadow Wilkinson,999250424,2026,301
Esther Hobbs,999250425,2026,302
Janiyah Salinas,999250426,2026,303
Colin Rice,999250427,2026,304
Karter Sheppard,999250428,2026,305
Ayden Stanton,999250429,2026,306
Jeffery Paul,999250430,2026,307
Reilly Owen,999250431,2026,308
Noemi Howard,999250432,2026,309
Renee Mcneil,999250433,2026,310
Miles Avery,999250434,2026,311
Drew Hull,999250435,2026,312
Princess Gregory,999250436,2026,313
Monserrat Cowan,999250437,2026,314
Marques Atkins,999250438,2026,315
Jared Lamb,999250439,2026,316
Veronica Allen,999250440,2026,317
Lindsay Tyler,999250441,2026,318
Graham Stephens,999250442,2026,319
Wilson Montoya,999250443,2026,320
Scarlet Fields,999250444,2026,321
Terrance Benjamin,999250445,2026,322
Ishaan Burnett,999250446,2026,323
Matilda Lutz,999250447,2026,324
Abdiel Fuentes,999250448,2026,325
Mason Jordan,999250449,2026,326
Madisyn Jordan,999250450,2026,327
Jabari Taylor,999250451,2026,328
Porter Ward,999250452,2026,329
Jane Woodward,999250453,2026,330
Pranav Colon,999250454,2026,331
Dalton Short,999250455,2026,332
Andreas Maxwell,999250456,2026,333
Mireya Cortez,999250457,2026,334
Dawson Sullivan,999250458,2026,335
Alvin Blackwell,999250459,2026,336
Louis Guerrero,999250460,2026,337
Larissa Phelps,999250461,2026,338
Kiley Bonilla,999250462,2026,339
Keaton Butler,999250463,2026,340
Abby Frost,999250464,2026,341
Moshe Berry,999250465,2026,342
Quinn Mcdowell,999250466,2026,343
Selina Barajas,999250467,2026,344
Paola Craig,999250468,2026,345
Shyla Knox,999250469,2026,346
Vivian Burgess,999250470,2026,347
Ansley Mayo,999250471,2026,348
Leland Barber,999250472,2026,349
Harold Huerta,999250473,2026,350
Yahir Mason,999250474,2026,351
Kathleen Chaney,999250475,2026,352
Addyson Haley,999250476,2026,353
Guadalupe Rogers,999250477,2026,354
Tiffany Booth,999250478,2026,355
William Stout,999250479,2026,356
Ari Cuevas,999250480,2026,357
Micaela Torres,999250481,2026,358
Allen Kim,999250482,2026,359
Pierce Waller,999250483,2026,360
Kaylee Frank,999250484,2026,361
Shannon Larson,999250485,2026,362
Curtis Galvan,999250486,2026,363
Samir Adkins,999250487,2026,364
Aliana Morales,999250488,2026,365
Dwayne Callahan,999250489,2026,366
Giovani Davenport,999250490,2026,367
Isaac Shepard,999250491,2026,368
Brynn Jenkins,999250492,2026,369
Danika Malone,999250493,2026,370
Angie Mcclain,999250494,2026,371
Maren Hoover,999250495,2026,372
Lana English,999250496,2026,373
Selena Glover,999250497,2026,374
Korbin Butler,999250498,2026,375
Kyson Spencer,999250499,2026,376
Rowan Faulkner,999250500,2026,377
Ariella Gray,999250501,2026,378
Haley Woodward,999250502,2026,379
Kassidy Jimenez,999250503,2026,380
Allen Roman,999250504,2026,381
Aiden Shaw,999250505,2026,382
Quincy Pena,999250506,2026,383
Mekhi Velasquez,999250507,2026,384
Dorian Krause,999250508,2026,385
Nathalie Oconnor,999250509,2026,386
Andrew Moody,999250510,2026,387
Eugene Gill,999250511,2026,388
Saul Solis,999250512,2026,389
Cael Sandoval,999250513,2026,390
Emmalee Malone,999250514,2026,391
Phoenix Pennington,999250515,2026,392
Donte Herrera,999250516,2026,393
Katrina Burns,999250517,2026,394
Bethany Hansen,999250518,2026,395
Isabella Dudley,999250519,2026,396
Hope Guzman,999250520,2026,397
Avah Esparza,999250521,2026,398
Terry Lowe,999250522,2026,399
Rodrigo Clements,999250523,2026,400
Alisha Holt,999250524,2026,401
Riya Ward,999250525,2026,402
Nick Pearson,999250526,2026,403
Ireland Cruz,999250527,2026,404
Ellie Guzman,999250528,2026,405
Beckham Velasquez,999250529,2026,406
Presley Ford,999250530,2026,407
Cornelius Thomas,999250531,2026,408
Lexi Larsen,999250532,2026,409
Haiden Salas,999250533,2026,410
Aylin Simon,999250534,2026,411
Ashtyn Stein,999250535,2026,412
Cadence Keith,999250536,2026,413
Dominik Frye,999250537,2026,414
Brice Knight,999250538,2026,415
Monique Mendez,999250539,2026,416
Layla Rodriguez,999250540,2026,417
Angel Herring,999250541,2026,418
June Ali,999250542,2026,419
Jaidyn Conrad,999250543,2026,420
Stella Melendez,999250544,2026,421
Landon Velez,999250545,2026,422
Arielle Logan,999250546,2026,423
Glenn Warren,999250547,2026,424
Francesca Villa,999250548,2026,425
Lee Ray,999250549,2026,426
Jadyn Cherry,999250550,2026,427
Nyla Carroll,999250551,2026,428
Chad Tanner,999250552,2026,429
Ryder Grant,999250553,2026,430
Essence Randolph,999250554,2026,431
Lillian Perkins,999250555,2026,432
Ellis Weeks,999250556,2026,433
Ellis Stark,999250557,2026,434
Katelynn Castro,999250558,2026,435
Reed Mack,999250559,2026,436
Octavio Briggs,999250560,2026,437
Eliza Roberson,999250561,2026,438
Kristina Randolph,999250562,2026,439
Gary Jenkins,999250563,2026,440
Jacoby Pruitt,999250564,2026,441
Scarlett Wiggins,999250565,2026,442
Christopher Price,999250566,2026,443
Jaylin Floyd,999250567,2026,444
Aliyah Potts,999250568,2026,445
Krish Faulkner,999250569,2026,446
Yuliana Rowe,999250570,2026,447
Evan Horne,999250571,2026,448
Marshall Henry,999250572,2026,449
Hugo Frye,999250573,2026,450
Lina Davila,999250574,2026,451
Donte Warner,999250575,2026,452
Kailee Sanchez,999250576,2026,453
Pierre Graham,999250577,2026,454
Kaylah Benjamin,999250578,2026,455
Ayanna Bryant,999250579,2026,456
Aryanna Lindsey,999250580,2026,457
Marlene Simpson,999250581,2026,458
Micheal Ford,999250582,2026,459
Bailey Hull,999250583,2026,460
Kaiya Orozco,999250584,2026,461
Cristofer Aguilar,999250585,2026,462
Ana Christensen,999250586,2026,463
Baylee Wright,999250587,2026,464
Joaquin Roman,999250588,2026,465
Milton Palmer,999250589,2026,466
Janiya Braun,999250590,2026,467
Silas Foster,999250591,2026,468
Amelia Schroeder,999250592,2026,469
Logan Bowen,999250593,2026,470
Todd Perez,999250594,2026,471
Lea Pruitt,999250595,2026,472
Rudy Henderson,999250596,2026,473
Ty Dickson,999250597,2026,474
Dashawn Lam,999250598,2026,475
Avery Stevenson,999250599,2026,476
Valeria Bautista,999250600,2026,477
Scott Duncan,999250601,2026,478
Mara George,999250602,2026,479
Seamus Mcbride,999250603,2026,480
Brett Gibbs,999250604,2026,481
Daniella Burch,999250605,2026,482
Jovan Taylor,999250606,2026,483
Lydia Shelton,999250607,2026,484
Reese Knapp,999250608,2026,485
Yesenia Bray,999250609,2026,486
Colton Bauer,999250610,2026,487
Madalynn Mullen,999250611,2026,488
Alfred Pham,999250612,2026,489
Kian Coffey,999250613,2026,490
Shaniya Benjamin,999250614,2026,491
Darian Pham,999250615,2026,492
Yair Mitchell,999250616,2026,493
Larissa Sanders,999250617,2026,494
Dale Snow,999250618,2026,495
Makhi Tanner,999250619,2026,496
Aidan Everett,999250620,2026,497
Taylor Garrett,999250621,2026,498
Jaylynn Bolton,999250622,2026,499
Pierre Snow,999250623,2026,500
Jordon Lam,999250624,2026,501
Colt Cameron,999250625,2026,502
Angel Evans,999250626,2026,503
Tamara Kramer,999250627,2026,504
Antoine Wilkerson,999250628,2026,505
Hadassah Ho,999250629,2026,506
Skye Blankenship,999250630,2026,507
Laila Benton,999250631,2026,508
Maleah Weiss,999250632,2026,509
Myles Randolph,999250633,2026,510
Tiffany Gamble,999250634,2026,511
Adolfo Summers,999250635,2026,512
Craig Contreras,999250636,2026,513
Jasmine Cobb,999250637,2026,514
Bennett Rodgers,999250638,2026,515
Hugh Hoffman,999250639,2026,516
Kamora Montes,999250640,2026,517
Teresa Cunningham,999250641,2026,518
Mariela Farrell,999250642,2026,519
Eddie Gates,999250643,2026,520
Cannon Lowery,999250644,2026,521
Mason Rogers,999250645,2026,522
Reginald Roth,999250646,2026,523
Korbin Barker,999250647,2026,524
Haven Tanner,999250648,2026,525
Uriah Romero,999250649,2026,526
Zayden Daugherty,999250650,2026,527
Nathaly Collins,999250651,2026,528
Josie Hunt,999250652,2026,529
Marques Marsh,999250653,2026,530
Mikayla Pope,999250654,2026,531
Phoenix Franklin,999250655,2026,532
Alanna Alvarez,999250656,2026,533
Ramiro Murphy,999250657,2026,534
India Johnston,999250658,2026,535
Donovan Bowers,999250659,2026,536
Adan Sandoval,999250660,2026,537
Yazmin Wilkerson,999250661,2026,538
Kaden Moyer,999250662,2026,539
Amiya Downs,999250663,2026,540
Peter Mccann,999250664,2026,541
Osvaldo Callahan,999250665,2026,542
Moses Thomas,999250666,2026,543
Kiara Harrison,999250667,2026,544
Zander Parrish,999250668,2026,545
Peyton Cox,999250669,2026,546
Jon Castro,999250670,2026,547
Alessandra Howard,999250671,2026,548
Deborah Pruitt,999250672,2026,549
Kallie Mclean,999250673,2026,550
Rafael Pollard,999250674,2026,551
Aliyah Schneider,999250675,2026,552
Paxton Gutierrez,999250676,2026,553
Gina Ochoa,999250677,2026,554
Amani Meyers,999250678,2026,555
Dennis Bird,999250679,2026,556
Jacey Valenzuela,999250680,2026,557
Lailah Barnett,999250681,2026,558
Ricky Pollard,999250682,2026,559
Allie Bowers,999250683,2026,560
Genesis Anthony,999250684,2026,561
Marlene Kerr,999250685,2026,562
Adyson Ferguson,999250686,2026,563
Rishi Huerta,999250687,2026,564
Lorelei Vance,999250688,2026,565
Emery Griffith,999250689,2026,566
Ariella Armstrong,999250690,2026,567
Reilly Howard,999250691,2026,568
Lindsay Wheeler,999250692,2026,569
Jaycee Frederick,999250693,2026,570
Amari Grant,999250694,2026,571
Jadyn Malone,999250695,2026,572
Kieran Robertson,999250696,2026,573
Lamont Fitzgerald,999250697,2026,574
Joshua Tapia,999250698,2026,575
Tia Christensen,999250699,2026,576
Bryant Parrish,999250700,2026,577
Ayanna Mathews,999250701,2026,578
Lena Vaughan,999250702,2026,579
Alijah Potter,999250703,2026,580
Kyler Ball,999250704,2026,581
Coby Mahoney,999250705,2026,582
Amanda Macdonald,999250706,2026,583
Jaime Monroe,999250707,2026,584
Grant Mercado,999250708,2026,585
Dalton Lam,999250709,2026,586
Keaton Ellison,999250710,2026,587
Iyana Floyd,999250711,2026,588
Tara Woodard,999250712,2026,589
Elsie Freeman,999250713,2026,590
Armani Harrison,999250714,2026,591
Carlie Ellison,999250715,2026,592
Rubi Klein,999250716,2026,593
Luis Walls,999250717,2026,594
Karley Lindsey,999250718,2026,595
Paris Mitchell,999250719,2026,596
Lincoln Delgado,999250720,2026,597
Jasiah Fowler,999250721,2026,598
Noe Jarvis,999250722,2026,599
Quinten Ponce,999250723,2026,600
Adrien Curry,999250724,2026,601
Peter Barajas,999250725,2026,602
Isabela Frye,999250726,2026,603
London Horne,999250727,2026,604
Alexandria Peck,999250728,2026,605
Ari Cantrell,999250729,2026,606
Kyle Fry,999250730,2026,607
Chaya Harris,999250731,2026,608
Corbin Hayes,999250732,2026,609
Agustin Leon,999250733,2026,610
Jaylene Vazquez,999250734,2026,611
Jolie Rios,999250735,2026,612
Aracely Mcgee,999250736,2026,613
Angela Harper,999250737,2026,614
Harper Marsh,999250738,2026,615
Colten Cooke,999250739,2026,616
Edgar Roman,999250740,2026,617
Diego Cherry,999250741,2026,618
Dallas Ritter,999250742,2026,619
Daniella Le,999250743,2026,620
Brian Nguyen,999250744,2026,621
Alex Olsen,999250745,2026,622
Kamila Humphrey,999250746,2026,623
Isaac Atkinson,999250747,2026,624
Carley Matthews,999250748,2026,625
Addison Gregory,999250749,2026,626
Marie Vincent,999250750,2026,627
Michaela Leblanc,999250751,2026,628
Malcolm Kent,999250752,2026,629
Logan Tapia,999250753,2026,630
Moriah Allison,999250754,2026,631
Ali Odonnell,999250755,2026,632
Roy Maddox,999250756,2026,633
Justin Kline,999250757,2026,634
Travis Key,999250758,2026,635
Sawyer Jackson,999250759,2026,636
Ainsley Martinez,999250760,2026,637
Henry Gill,999250761,2026,638
Alice Bradford,999250762,2026,639
Cadence Harper,999250763,2026,640
Bryan Richardson,999250764,2026,641
Zariah Dodson,999250765,2026,642
Raul James,999250766,2026,643
Brayan Weaver,999250767,2026,644
Landen Noble,999250768,2026,645
Cassie Franco,999250769,2026,646
Jimmy Maddox,999250770,2026,647
Justin Coffey,999250771,2026,648
Zechariah Bright,999250772,2026,649
Monica Daugherty,999250773,2026,650
Tanner Abbott,999250774,2026,651
Allie Lowery,999250775,2026,652
Nathalia Fleming,999250776,2026,653
Jaylan Fields,999250777,2026,654
Gary Smith,999250778,2026,655
Maurice Savage,999250779,2026,656
Chana Mata,999250780,2026,657
Uriah Salas,999250781,2026,658
Angelique Reese,999250782,2026,659
Miranda Turner,999250783,2026,660
Tania Tran,999250784,2026,661
Baylee Bradshaw,999250785,2026,662
Payten Hardy,999250786,2026,663
Micah Booth,999250787,2026,664
Xiomara Nicholson,999250788,2026,665
Kasey Foley,999250789,2026,666
Damion Livingston,999250790,2026,667
Payton Fox,999250791,2026,668
Londyn Bowen,999250792,2026,669
German Swanson,999250793,2026,670
Jovanny Dunlap,999250794,2026,671
Aydan Navarro,999250795,2026,672
Lee Wiley,999250796,2026,673
Anthony Rojas,999250797,2026,674
Diamond Garrison,999250798,2026,675
Yurem Olsen,999250799,2026,676
Zachariah Donovan,999250800,2026,677
Gaige Collins,999250801,2026,678
Ryder Marshall,999250802,2026,679
Krista Booth,999250803,2026,680
Bria Griffin,999250804,2026,681
Shea Lara,999250805,2026,682
Melody Avery,999250806,2026,683
Raquel Mcgrath,999250807,2026,684
Rayne Griffin,999250808,2026,685
Araceli Wilkinson,999250809,2026,686
Jessie Dean,999250810,2026,687
Virginia Colon,999250811,2026,688
Reina Goodman,999250812,2026,689
Adrian Cohen,999250813,2026,690
Brenton Leon,999250814,2026,691
Roy Spencer,999250815,2026,692
Riley Short,999250816,2026,693
Haley Hall,999250817,2026,694
Liberty Spencer,999250818,2026,695
Mikayla Sherman,999250819,2026,696
Alissa Johns,999250820,2026,697
Natalia Villa,999250821,2026,698
Porter Gibson,999250822,2026,699
Deven Rubio,999250823,2026,700
Emilia Rosario,999250824,2026,701
Kaya Matthews,999250825,2026,702
Aditya Sims,999250826,2026,703
Angeline Nielsen,999250827,2026,704
Reagan Conway,999250828,2026,705
Cedric Everett,999250829,2026,706
Quincy Holden,999250830,2026,707
Wayne Hampton,999250831,2026,708
Case Mendoza,999250832,2026,709
Margaret Grant,999250833,2026,710
Cristina Fuller,999250834,2026,711
Xiomara Fuller,999250835,2026,712
Jason Buckley,999250836,2026,713
Caitlin Nguyen,999250837,2026,714
Luis Stone,999250838,2026,715
Alan Ferguson,999250839,2026,716
Carlo Cortez,999250840,2026,717
Jacey Marshall,999250841,2026,718
Soren Kelly,999250842,2026,719
Todd Nixon,999250843,2026,720
Kaylin Dunlap,999250844,2026,721
Trace Abbott,999250845,2026,722
Hailee Walsh,999250846,2026,723
Rohan Bullock,999250847,2026,724
Miranda Welch,999250848,2026,725
Sanaa Bonilla,999250849,2026,726
Nyasia Velasquez,999250850,2026,727
Osvaldo Massey,999250851,2026,728
Jovany Eaton,999250852,2026,729
Erica Nelson,999250853,2026,730
Natalee Hill,999250854,2026,731
Antony Arroyo,999250855,2026,732
Eduardo Walsh,999250856,2026,733
Beckham Mullen,999250857,2026,734
Ali Petty,999250858,2026,735
Gauge Juarez,999250859,2026,736
Cortez Dunn,999250860,2026,737
Zayne Farrell,999250861,2026,738
Peter Farmer,999250862,2026,739
Eden Carrillo,999250863,2026,740
Jake Ellis,999250864,2026,741
Jasmine Schroeder,999250865,2026,742
Anna Johns,999250866,2026,743
Kristian Beasley,999250867,2026,744
Elizabeth Rollins,999250868,2026,745
Ross Lyons,999250869,2026,746
Mayra Moss,999250870,2026,747
Destiny Khan,999250871,2026,748
Lindsey Walls,999250872,2026,749
Jairo Rivera,999250873,2026,750
Aiden Zamora,999250874,2027,1
Savion Durham,999250875,2027,2
Mark Peters,999250876,2027,3
Oliver Mayer,999250877,2027,4
Brylee Avila,999250878,2027,5
Osvaldo Simmons,999250879,2027,6
Katherine Wagner,999250880,2027,7
Melvin Hardin,999250881,2027,8
Andres Benitez,999250882,2027,9
Brennan Hartman,999250883,2027,10
Kayleigh Mcgrath,999250884,2027,11
Edwin Whitney,999250885,2027,12
Anthony Curtis,999250886,2027,13
Shawn Castaneda,999250887,2027,14
Jamarcus Hart,999250888,2027,15
Derek Yang,999250889,2027,16
Marlie Savage,999250890,2027,17
Lennon Andrade,999250891,2027,18
Rylee Hanna,999250892,2027,19
Yazmin Potter,999250893,2027,20
Bobby Tanner,999250894,2027,21
Jamiya Curry,999250895,2027,22
Kailee Gray,999250896,2027,23
Dennis Acosta,999250897,2027,24
Toby Farley,999250898,2027,25
Brody Lang,999250899,2027,26
Brittany Tate,999250900,2027,27
Todd Maldonado,999250901,2027,28
Jaden Benton,999250902,2027,29
Moises Le,999250903,2027,30
Zackary Norris,999250904,2027,31
Santino May,999250905,2027,32
Diana Odonnell,999250906,2027,33
Quinten Bartlett,999250907,2027,34
Aryan Brooks,999250908,2027,35
Lamont Herring,999250909,2027,36
Dayami Beard,999250910,2027,37
Adrien Mcdowell,999250911,2027,38
Natasha Santos,999250912,2027,39
Emilee Hogan,999250913,2027,40
Jamie Sandoval,999250914,2027,41
Marshall Spence,999250915,2027,42
Miya Cooke,999250916,2027,43
Stella Lamb,999250917,2027,44
Abraham Dunlap,999250918,2027,45
Javon Hunt,999250919,2027,46
Ayla Meyers,999250920,2027,47
Francis Tucker,999250921,2027,48
Clay Garrison,999250922,2027,49
Harmony Good,999250923,2027,50
Reuben Meadows,999250924,2027,51
Bo Wilcox,999250925,2027,52
Lamont Farley,999250926,2027,53
Liberty Harmon,999250927,2027,54
Mateo Robinson,999250928,2027,55
Brenda Meyers,999250929,2027,56
Antoine Bullock,999250930,2027,57
Deshawn Wiggins,999250931,2027,58
Darren Morris,999250932,2027,59
Marisol Barron,999250933,2027,60
Nasir Mcmahon,999250934,2027,61
Zoey Sexton,999250935,2027,62
Georgia Baird,999250936,2027,63
Tamia Clements,999250937,2027,64
Ariella Roth,999250938,2027,65
Jerry Malone,999250939,2027,66
Jefferson Snow,999250940,2027,67
Guillermo Lambert,999250941,2027,68
Beau Kelly,999250942,2027,69
Shyann Bullock,999250943,2027,70
Ashly Odom,999250944,2027,71
Frances Odonnell,999250945,2027,72
Adalynn Hebert,999250946,2027,73
Krish Gamble,999250947,2027,74
Lilianna Bonilla,999250948,2027,75
Janet Baker,999250949,2027,76
Semaj Christian,999250950,2027,77
Dane Palmer,999250951,2027,78
Hamza Delacruz,999250952,2027,79
Janae Moreno,999250953,2027,80
Mireya Cannon,999250954,2027,81
Remington Duncan,999250955,2027,82
Vanessa Glover,999250956,2027,83
Adelyn Sweeney,999250957,2027,84
Anahi Morse,999250958,2027,85
Angelina Quinn,999250959,2027,86
Briley Wilkinson,999250960,2027,87
Draven Browning,999250961,2027,88
Cortez Booker,999250962,2027,89
Bruce Burch,999250963,2027,90
Marina Sawyer,999250964,2027,91
Bryanna Cruz,999250965,2027,92
Cecelia Howe,999250966,2027,93
Bentley Shaffer,999250967,2027,94
Alec Weaver,999250968,2027,95
Braxton Hopkins,999250969,2027,96
Sebastian Bryan,999250970,2027,97
Nathanial Gutierrez,999250971,2027,98
Cassandra Daugherty,999250972,2027,99
Laylah Conner,999250973,2027,100
Abigail Taylor,999250974,2027,101
Ben Washington,999250975,2027,102
Ashley Dennis,999250976,2027,103
Haleigh Brady,999250977,2027,104
Teagan Ortiz,999250978,2027,105
Shayna Elliott,999250979,2027,106
Phoebe Raymond,999250980,2027,107
Messiah Jordan,999250981,2027,108
Zaria Saunders,999250982,2027,109
Evelin Hardy,999250983,2027,110
Clayton Gay,999250984,2027,111
Sara Mack,999250985,2027,112
Josiah Bowen,999250986,2027,113
Victor Ashley,999250987,2027,114
Jewel Delacruz,999250988,2027,115
Jovanny Dickson,999250989,2027,116
Maximillian Koch,999250990,2027,117
Leia Rosario,999250991,2027,118
Serenity Diaz,999250992,2027,119
Elizabeth Richardson,999250993,2027,120
Kaylynn Francis,999250994,2027,121
Abraham Carrillo,999250995,2027,122
Princess Glenn,999250996,2027,123
Amiya Doyle,999250997,2027,124
Yaretzi Miller,999250998,2027,125
Madelynn Rosales,999250999,2027,126
Rhys Pennington,999251000,2027,127
Yamilet Whitney,999251001,2027,128
Walter Riggs,999251002,2027,129
Zaire Acosta,999251003,2027,130
Reilly Chambers,999251004,2027,131
Jasper Moyer,999251005,2027,132
Deandre Webster,999251006,2027,133
Jacoby Page,999251007,2027,134
Ari Rojas,999251008,2027,135
Alissa Duffy,999251009,2027,136
Maci Arias,999251010,2027,137
Esteban Mcgrath,999251011,2027,138
Eileen Powell,999251012,2027,139
Lesly Petersen,999251013,2027,140
Kassidy Fisher,999251014,2027,141
Yahir Dorsey,999251015,2027,142
Holden Gillespie,999251016,2027,143
Aaliyah Hendricks,999251017,2027,144
Blaine Whitney,999251018,2027,145
Reginald Allison,999251019,2027,146
Solomon Moreno,999251020,2027,147
Maurice Jacobson,999251021,2027,148
Mina Carter,999251022,2027,149
Arabella Estrada,999251023,2027,150
Rey Lynn,999251024,2027,151
Brayan Ayers,999251025,2027,152
Brock Griffith,999251026,2027,153
Randall Underwood,999251027,2027,154
Bronson Avery,999251028,2027,155
Brock Pitts,999251029,2027,156
Tiana Clarke,999251030,2027,157
Jeffrey Mann,999251031,2027,158
Cohen Rosario,999251032,2027,159
Myles Hogan,999251033,2027,160
Emmalee Hamilton,999251034,2027,161
Elsie Henry,999251035,2027,162
Rigoberto Hinton,999251036,2027,163
Muhammad Curry,999251037,2027,164
Orlando Morales,999251038,2027,165
Trevin Shaffer,999251039,2027,166
Kenyon Callahan,999251040,2027,167
Gauge Rivers,999251041,2027,168
Leandro Lam,999251042,2027,169
Aiden Mcdaniel,999251043,2027,170
Deandre Mckay,999251044,2027,171
Cannon Marquez,999251045,2027,172
Genesis Richmond,999251046,2027,173
Skyler Cardenas,999251047,2027,174
Garrett Ford,999251048,2027,175
Julianna Wright,999251049,2027,176
Iliana Gross,999251050,2027,177
Elliana Copeland,999251051,2027,178
Alonzo Cox,999251052,2027,179
Colt Schroeder,999251053,2027,180
Helena Marquez,999251054,2027,181
Marc Villa,999251055,2027,182
Alyssa Powell,999251056,2027,183
Aliyah Nolan,999251057,2027,184
Kristin Melendez,999251058,2027,185
Javier Santiago,999251059,2027,186
Chana Roberson,999251060,2027,187
Darian Werner,999251061,2027,188
Anabelle Hess,999251062,2027,189
Cade Banks,999251063,2027,190
Nikolai Cabrera,999251064,2027,191
Derick Fitzgerald,999251065,2027,192
Kaleb Hess,999251066,2027,193
Aaden Galloway,999251067,2027,194
David Pollard,999251068,2027,195
Maximus Cunningham,999251069,2027,196
Reece Acosta,999251070,2027,197
Abbigail Sampson,999251071,2027,198
Pedro Nunez,999251072,2027,199
Addisyn Warner,999251073,2027,200
Noe Simon,999251074,2027,201
Kelvin Waters,999251075,2027,202
Cory Morrow,999251076,2027,203
Caroline Cobb,999251077,2027,204
America Kerr,999251078,2027,205
Myles Moreno,999251079,2027,206
Whitney Roberts,999251080,2027,207
Kolten Buckley,999251081,2027,208
Jaydan Skinner,999251082,2027,209
Ari Robles,999251083,2027,210
Xiomara Pratt,999251084,2027,211
Trace Alexander,999251085,2027,212
Noe Hamilton,999251086,2027,213
Lukas Gamble,999251087,2027,214
Brooklyn Cisneros,999251088,2027,215
Emily Melendez,999251089,2027,216
Caitlin Figueroa,999251090,2027,217
Kassidy Becker,999251091,2027,218
Alejandra Bird,999251092,2027,219
Gracie Gates,999251093,2027,220
Melanie Li,999251094,2027,221
Carsen Turner,999251095,2027,222
Tessa Young,999251096,2027,223
Lilia Harvey,999251097,2027,224
Valery Osborne,999251098,2027,225
Noel Walls,999251099,2027,226
Athena Bentley,999251100,2027,227
Roselyn Branch,999251101,2027,228
Riley Mccall,999251102,2027,229
Isis Irwin,999251103,2027,230
Rudy Bolton,999251104,2027,231
Alisson Daniels,999251105,2027,232
Leah Glass,999251106,2027,233
Taylor Hanna,999251107,2027,234
Ricky Nolan,999251108,2027,235
Lee Rios,999251109,2027,236
Liana Reese,999251110,2027,237
Jett Goodwin,999251111,2027,238
Jakob Branch,999251112,2027,239
Elle Stuart,999251113,2027,240
Madyson Pratt,999251114,2027,241
Geovanni Tapia,999251115,2027,242
Darwin Blair,999251116,2027,243
Ramon Daniel,999251117,2027,244
Reece Obrien,999251118,2027,245
River Williamson,999251119,2027,246
Lucy Vance,999251120,2027,247
Melvin Chan,999251121,2027,248
Daniela Flowers,999251122,2027,249
Caitlyn Glenn,999251123,2027,250
Emilie Douglas,999251124,2027,251
Simeon Richards,999251125,2027,252
Evelyn Roberts,999251126,2027,253
Ryder Hernandez,999251127,2027,254
Anton Bryant,999251128,2027,255
Tommy Ashley,999251129,2027,256
Marie Warner,999251130,2027,257
Yurem Wilcox,999251131,2027,258
Savanah Ho,999251132,2027,259
Lee Pruitt,999251133,2027,260
Shaylee Skinner,999251134,2027,261
Rachel Cross,999251135,2027,262
Angelica Bowers,999251136,2027,263
Jon Adams,999251137,2027,264
Cullen Griffith,999251138,2027,265
Leanna Mcfarland,999251139,2027,266
Johnny Bender,999251140,2027,267
Conor Murphy,999251141,2027,268
Jarrett Trujillo,999251142,2027,269
Jaquan Archer,999251143,2027,270
Caleb Meyers,999251144,2027,271
Alden Archer,999251145,2027,272
Mateo Clay,999251146,2027,273
Juliette Velasquez,999251147,2027,274
Maya Stark,999251148,2027,275
Elisabeth Potter,999251149,2027,276
Heidi Ho,999251150,2027,277
Francisco Kidd,999251151,2027,278
Madeleine Richards,999251152,2027,279
Roland Erickson,999251153,2027,280
Tobias Landry,999251154,2027,281
Mariana Knight,999251155,2027,282
Jamya Chandler,999251156,2027,283
Salvatore Hinton,999251157,2027,284
Jordyn Hendricks,999251158,2027,285
Moshe Collins,999251159,2027,286
Tamia Sims,999251160,2027,287
Zachariah Oconnor,999251161,2027,288
Waylon Cordova,999251162,2027,289
Addison Bradley,999251163,2027,290
Jalen Mata,999251164,2027,291
Raiden Carlson,999251165,2027,292
Uriah Day,999251166,2027,293
Kolby Mcfarland,999251167,2027,294
Pierre Castillo,999251168,2027,295
Ethen Hill,999251169,2027,296
Collin Shields,999251170,2027,297
Justine Silva,999251171,2027,298
Simon Nixon,999251172,2027,299
Aditya Henry,999251173,2027,300
Muhammad Schwartz,999251174,2027,301
Hailey Mann,999251175,2027,302
Sarai Ballard,999251176,2027,303
Martha Crane,999251177,2027,304
Desmond Reese,999251178,2027,305
Mckenna Daniel,999251179,2027,306
Patricia House,999251180,2027,307
Brendan Swanson,999251181,2027,308
Aurora Robbins,999251182,2027,309
Amelie Garner,999251183,2027,310
April Stone,999251184,2027,311
Briley Sherman,999251185,2027,312
Maria Simpson,999251186,2027,313
Kingston Ramos,999251187,2027,314
Roderick Matthews,999251188,2027,315
David Gomez,999251189,2027,316
Gemma Maxwell,999251190,2027,317
Ricky Flowers,999251191,2027,318
Eddie Mason,999251192,2027,319
Jay Bernard,999251193,2027,320
Elena Forbes,999251194,2027,321
Alaina Nielsen,999251195,2027,322
Trinity Waller,999251196,2027,323
Brielle Bowman,999251197,2027,324
Chad Solis,999251198,2027,325
Deandre Dunlap,999251199,2027,326
Keith Wong,999251200,2027,327
Jeremy May,999251201,2027,328
Ashtyn Singleton,999251202,2027,329
Maximus Jenkins,999251203,2027,330
Travis Dixon,999251204,2027,331
Trystan Mcclain,999251205,2027,332
Aiyana Hammond,999251206,2027,333
Chanel Warren,999251207,2027,334
Kelsie Richard,999251208,2027,335
Akira Tran,999251209,2027,336
Braylon Moore,999251210,2027,337
Brianna Callahan,999251211,2027,338
Zariah Boyer,999251212,2027,339
Amirah Beck,999251213,2027,340
Diana Irwin,999251214,2027,341
Yurem Romero,999251215,2027,342
Kenzie Juarez,999251216,2027,343
Darren Mccann,999251217,2027,344
Rex Kent,999251218,2027,345
Amirah Atkins,999251219,2027,346
Jefferson Livingston,999251220,2027,347
Henry Carney,999251221,2027,348
Tyrell Carlson,999251222,2027,349
Blaze Nolan,999251223,2027,350
Jaiden Morse,999251224,2027,351
Brenton Hull,999251225,2027,352
Christina Carey,999251226,2027,353
Roland Hays,999251227,2027,354
Daniel Cole,999251228,2027,355
Eleanor Barr,999251229,2027,356
Nyla Saunders,999251230,2027,357
Wendy Whitaker,999251231,2027,358
Sterling Browning,999251232,2027,359
Brycen Franco,999251233,2027,360
Maria Edwards,999251234,2027,361
Alexis Holmes,999251235,2027,362
Harmony Berger,999251236,2027,363
Ayana Davidson,999251237,2027,364
Alayna Sanders,999251238,2027,365
Jovanny Malone,999251239,2027,366
Tommy Hoffman,999251240,2027,367
Liliana Gentry,999251241,2027,368
Shaun Caldwell,999251242,2027,369
Fatima Cortez,999251243,2027,370
Kenna Humphrey,999251244,2027,371
Melvin Dickson,999251245,2027,372
Meadow Beck,999251246,2027,373
Alessandro Bray,999251247,2027,374
Giana Cisneros,999251248,2027,375
Jaron Shaw,999251249,2027,376
Moises Copeland,999251250,2027,377
Miah Meyers,999251251,2027,378
Rene Carpenter,999251252,2027,379
Kenyon Nichols,999251253,2027,380
Julius Clay,999251254,2027,381
Lesly Wagner,999251255,2027,382
Nataly Riddle,999251256,2027,383
Turner Webb,999251257,2027,384
Lexie Hensley,999251258,2027,385
Yamilet Haley,999251259,2027,386
Kassidy Olson,999251260,2027,387
Cecelia Bullock,999251261,2027,388
Lyric Steele,999251262,2027,389
Eli Knox,999251263,2027,390
Humberto Shannon,999251264,2027,391
Patience Rogers,999251265,2027,392
Pierce Morrow,999251266,2027,393
Dallas Lamb,999251267,2027,394
Elena Dillon,999251268,2027,395
Harold Zimmerman,999251269,2027,396
Asher Colon,999251270,2027,397
Abdiel Vega,999251271,2027,398
Jaidyn Hanson,999251272,2027,399
Devin Livingston,999251273,2027,400
Jaslyn Miranda,999251274,2027,401
Neveah Fitzpatrick,999251275,2027,402
Cayden Gibbs,999251276,2027,403
Ashanti Patterson,999251277,2027,404
Cristopher Archer,999251278,2027,405
Shaylee Parker,999251279,2027,406
Dangelo Lucas,999251280,2027,407
Magdalena Hutchinson,999251281,2027,408
Brylee Macdonald,999251282,2027,409
Kaleb Burns,999251283,2027,410
Allie Kim,999251284,2027,411
Jimena Case,999251285,2027,412
Alfredo Garrison,999251286,2027,413
Shamar Waters,999251287,2027,414
Alejandra Boone,999251288,2027,415
Cameron Munoz,999251289,2027,416
Davin Avila,999251290,2027,417
Aniyah Valencia,999251291,2027,418
Eduardo Olsen,999251292,2027,419
Elena Atkins,999251293,2027,420
Kaitlynn Novak,999251294,2027,421
Shaun Joyce,999251295,2027,422
Niko Pham,999251296,2027,423
Estrella Tanner,999251297,2027,424
Erik Travis,999251298,2027,425
Mariela Pace,999251299,2027,426
Marquise Benjamin,999251300,2027,427
Jaden Brennan,999251301,2027,428
Jasmin Yu,999251302,2027,429
Izayah Combs,999251303,2027,430
Bryan Buck,999251304,2027,431
Harley Dickson,999251305,2027,432
Taniyah Coleman,999251306,2027,433
Amelia Wilson,999251307,2027,434
Melody Sanford,999251308,2027,435
Mason Gallegos,999251309,2027,436
Zachariah Chang,999251310,2027,437
Zara Ballard,999251311,2027,438
Clay Potts,999251312,2027,439
Stephanie Joseph,999251313,2027,440
Jorge Boone,999251314,2027,441
Aiden Rivera,999251315,2027,442
Konner Farrell,999251316,2027,443
Erik Atkinson,999251317,2027,444
Ada Hardy,999251318,2027,445
Brennen Mcguire,999251319,2027,446
Tripp Luna,999251320,2027,447
Joselyn Ramsey,999251321,2027,448
Gage Cook,999251322,2027,449
Alisha Arellano,999251323,2027,450
Maddox Valencia,999251324,2027,451
Asa Floyd,999251325,2027,452
Elvis Dudley,999251326,2027,453
Max Zimmerman,999251327,2027,454
Marie Hogan,999251328,2027,455
Jaslyn Cochran,999251329,2027,456
Mya Norton,999251330,2027,457
Maximo Morse,999251331,2027,458
Barbara Chase,999251332,2027,459
Gage Vincent,999251333,2027,460
Frankie Cooper,999251334,2027,461
Jayden Werner,999251335,2027,462
Katelyn Sheppard,999251336,2027,463
Trace Kerr,999251337,2027,464
Aileen Day,999251338,2027,465
Peyton Friedman,999251339,2027,466
Gwendolyn Barton,999251340,2027,467
Ernest Hurst,999251341,2027,468
Yasmin Torres,999251342,2027,469
Janessa Cabrera,999251343,2027,470
Aidyn Choi,999251344,2027,471
Brayan Pitts,999251345,2027,472
Casey Johns,999251346,2027,473
Maci Forbes,999251347,2027,474
Jarrett Green,999251348,2027,475
Jaidyn Shah,999251349,2027,476
Aisha Bond,999251350,2027,477
Catherine Henson,999251351,2027,478
Darian Harrison,999251352,2027,479
Rhett Martinez,999251353,2027,480
Leonel Callahan,999251354,2027,481
Tobias Hoover,999251355,2027,482
Julio Thomas,999251356,2027,483
Ava Wise,999251357,2027,484
Michaela Gilmore,999251358,2027,485
Jerome Pugh,999251359,2027,486
Beckham Blankenship,999251360,2027,487
Milton Franco,999251361,2027,488
Karley Stanley,999251362,2027,489
Kelsey Rush,999251363,2027,490
Marvin Ball,999251364,2027,491
Kyla Knapp,999251365,2027,492
Jamya Hodge,999251366,2027,493
Sanai Vargas,999251367,2027,494
Payton Blevins,999251368,2027,495
Dwayne Fritz,999251369,2027,496
Kasey Cook,999251370,2027,497
Charlize Bridges,999251371,2027,498
Allen Dudley,999251372,2027,499
Nancy Bush,999251373,2027,500
Michaela Hamilton,999251374,2027,501
Jadon Blake,999251375,2027,502
Marely Rosales,999251376,2027,503
Kylie Wilcox,999251377,2027,504
Marcelo Chaney,999251378,2027,505
Devan Thornton,999251379,2027,506
Ruben Bryan,999251380,2027,507
Chance Daniels,999251381,2027,508
Salma Conrad,999251382,2027,509
Destiney Barker,999251383,2027,510
Kaia Mcclure,999251384,2027,511
Sonia Wilson,999251385,2027,512
Dorian Moore,999251386,2027,513
Kamora Aguilar,999251387,2027,514
Dillan Griffin,999251388,2027,515
Barbara Lutz,999251389,2027,516
Rebecca Nash,999251390,2027,517
Amiah Savage,999251391,2027,518
Reagan Moran,999251392,2027,519
Frederick Hester,999251393,2027,520
Mary Pugh,999251394,2027,521
Brianna Moody,999251395,2027,522
Odin Henderson,999251396,2027,523
Garrett Brady,999251397,2027,524
Kamden Meza,999251398,2027,525
Mina Reid,999251399,2027,526
Saniyah Obrien,999251400,2027,527
Jasmin Marsh,999251401,2027,528
Kyson Collins,999251402,2027,529
Zoey Burton,999251403,2027,530
Jesse Welch,999251404,2027,531
Porter Simon,999251405,2027,532
Molly Miles,999251406,2027,533
Nylah Pitts,999251407,2027,534
Rayan Ryan,999251408,2027,535
Kasen Harrington,999251409,2027,536
Jax Lam,999251410,2027,537
Cheyanne Vang,999251411,2027,538
Lucille Turner,999251412,2027,539
Kamryn Haas,999251413,2027,540
Maddox Suarez,999251414,2027,541
Terrance Trujillo,999251415,2027,542
Leo Patel,999251416,2027,543
Yandel Kent,999251417,2027,544
Harrison Galvan,999251418,2027,545
Taliyah Acevedo,999251419,2027,546
Molly Sanders,999251420,2027,547
Reyna Williams,999251421,2027,548
Jasmine Braun,999251422,2027,549
Karly Shepherd,999251423,2027,550
Kody Nixon,999251424,2027,551
Kyra Mccoy,999251425,2027,552
Kason Ellison,999251426,2027,553
Francis Cowan,999251427,2027,554
Paula Owens,999251428,2027,555
Cason Glass,999251429,2027,556
Elsie Mercado,999251430,2027,557
Niko Schaefer,999251431,2027,558
Gary Hinton,999251432,2027,559
Brianna Mahoney,999251433,2027,560
Sophia Mccoy,999251434,2027,561
Heidy Oconnell,999251435,2027,562
Santos Freeman,999251436,2027,563
Serenity Boyd,999251437,2027,564
Haven Herrera,999251438,2027,565
Carl Leach,999251439,2027,566
Jon Sharp,999251440,2027,567
Rocco Calhoun,999251441,2027,568
Donovan Cobb,999251442,2027,569
Jaden Walters,999251443,2027,570
Aubree Townsend,999251444,2027,571
Riley Rivera,999251445,2027,572
Cherish Paul,999251446,2027,573
Johan Saunders,999251447,2027,574
Marin Watson,999251448,2027,575
Madelynn Stark,999251449,2027,576
Regina Vang,999251450,2027,577
Daniella Macdonald,999251451,2027,578
Annalise Guerrero,999251452,2027,579
Charlotte Allison,999251453,2027,580
Michaela Thornton,999251454,2027,581
Eileen Saunders,999251455,2027,582
Stanley Dorsey,999251456,2027,583
Adrien Matthews,999251457,2027,584
Iyana Cooper,999251458,2027,585
Aurora Monroe,999251459,2027,586
Arianna Hudson,999251460,2027,587
Landin Kirk,999251461,2027,588
Francesca Fleming,999251462,2027,589
Alexandra Carroll,999251463,2027,590
Marlie Flores,999251464,2027,591
Lorelei Flores,999251465,2027,592
Lucia Perez,999251466,2027,593
Alden Barnett,999251467,2027,594
Belinda Cuevas,999251468,2027,595
Rohan Leon,999251469,2027,596
Nicolas Hess,999251470,2027,597
Meadow Blackburn,999251471,2027,598
Armando Webb,999251472,2027,599
Bo Kaufman,999251473,2027,600
Seth Hill,999251474,2027,601
Zaniyah Davenport,999251475,2027,602
Stephany Benton,999251476,2027,603
Ainsley Simpson,999251477,2027,604
Shirley Bennett,999251478,2027,605
Yusuf Sloan,999251479,2027,606
Konnor Harvey,999251480,2027,607
Annalise Arellano,999251481,2027,608
Riya Mcbride,999251482,2027,609
Ignacio Brown,999251483,2027,610
Tori Donovan,999251484,2027,611
Maritza Montgomery,999251485,2027,612
Laura Wilkins,999251486,2027,613
Maliyah Hoffman,999251487,2027,614
Annabella Lewis,999251488,2027,615
Ellen Rocha,999251489,2027,616
Lennon Mcdowell,999251490,2027,617
Arnav Boone,999251491,2027,618
Maddox Acevedo,999251492,2027,619
Sarahi Reese,999251493,2027,620
Tyshawn Conrad,999251494,2027,621
Alexzander Hull,999251495,2027,622
Caden Pineda,999251496,2027,623
Eliza Prince,999251497,2027,624
Winston Hamilton,999251498,2027,625
Maurice Mckenzie,999251499,2027,626
Brandon Suarez,999251500,2027,627
Myah Simon,999251501,2027,628
Yuliana Hicks,999251502,2027,629
Justin Mcclure,999251503,2027,630
Curtis Dyer,999251504,2027,631
Yair Villanueva,999251505,2027,632
Jennifer Brooks,999251506,2027,633
Jamarion Bruce,999251507,2027,634
Caitlyn Hardin,999251508,2027,635
Monique Jennings,999251509,2027,636
Cameron Cook,999251510,2027,637
Zackery Mitchell,999251511,2027,638
Donald Pierce,999251512,2027,639
Aryanna Nichols,999251513,2027,640
Nadia Boyer,999251514,2027,641
Mira Levine,999251515,2027,642
Alaina Hancock,999251516,2027,643
Scarlet Simmons,999251517,2027,644
Kassandra Adkins,999251518,2027,645
Harley Pruitt,999251519,2027,646
Claire Haney,999251520,2027,647
Blake Lowe,999251521,2027,648
Sidney Klein,999251522,2027,649
Scott Velazquez,999251523,2027,650
Rogelio Dunn,999251524,2027,651
Osvaldo Clayton,999251525,2027,652
Camren Chan,999251526,2027,653
Eduardo Short,999251527,2027,654
Briana Adkins,999251528,2027,655
Colin Romero,999251529,2027,656
Yaretzi Irwin,999251530,2027,657
Walker Franklin,999251531,2027,658
Cassius Maynard,999251532,2027,659
Braden Ray,999251533,2027,660
Jadiel Mosley,999251534,2027,661
Mira Livingston,999251535,2027,662
Casey Miranda,999251536,2027,663
Ayden Baker,999251537,2027,664
Elaina Foster,999251538,2027,665
Jordan Baker,999251539,2027,666
Patience Irwin,999251540,2027,667
Makena Cordova,999251541,2027,668
Marcel Carson,999251542,2027,669
Cherish Weaver,999251543,2027,670
Charles Bullock,999251544,2027,671
Brent Fitzpatrick,999251545,2027,672
Teagan Griffith,999251546,2027,673
Titus Haynes,999251547,2027,674
Waylon Nash,999251548,2027,675
Payten House,999251549,2027,676
Dominick Arroyo,999251550,2027,677
Reid Duncan,999251551,2027,678
Jensen Hoover,999251552,2027,679
Kaliyah Peck,999251553,2027,680
Carlo Dominguez,999251554,2027,681
Jaqueline Mason,999251555,2027,682
Aidyn Kerr,999251556,2027,683
Zackery Dougherty,999251557,2027,684
Quinn Molina,999251558,2027,685
Killian Calderon,999251559,2027,686
Kamila Vang,999251560,2027,687
Aldo Montgomery,999251561,2027,688
Maeve Hernandez,999251562,2027,689
Kamari Hoover,999251563,2027,690
Yurem Houston,999251564,2027,691
Giovanny Harris,999251565,2027,692
Jonathon Best,999251566,2027,693
Lilyana Mayo,999251567,2027,694
Nickolas Barrett,999251568,2027,695
Clark Snow,999251569,2027,696
Sammy Copeland,999251570,2027,697
Ashly Hicks,999251571,2027,698
Haylee Gillespie,999251572,2027,699
Cullen Hood,999251573,2027,700
Milo Larsen,999251574,2027,701
Tiara Mcconnell,999251575,2027,702
Kaliyah Rios,999251576,2027,703
Mauricio Faulkner,999251577,2027,704
Gia Mendoza,999251578,2027,705
Kassidy Sanchez,999251579,2027,706
Augustus Reeves,999251580,2027,707
Anabella Mcpherson,999251581,2027,708
Amy Maynard,999251582,2027,709
Lillianna Rivera,999251583,2027,710
Adalynn Mcpherson,999251584,2027,711
Elle Sloan,999251585,2027,712
Giselle Mcdowell,999251586,2027,713
Vance Roberson,999251587,2027,714
Barbara Rodriguez,999251588,2027,715
Davian Newton,999251589,2027,716
Delilah Dorsey,999251590,2027,717
Gordon Hays,999251591,2027,718
Ibrahim Fischer,999251592,2027,719
Jack Kirby,999251593,2027,720
Isabell Davidson,999251594,2027,721
Lennon Moody,999251595,2027,722
Mattie Walsh,999251596,2027,723
Dawson Lyons,999251597,2027,724
Leo Wu,999251598,2027,725
Isaias Velez,999251599,2027,726
Alayna Russell,999251600,2027,727
Norah Knox,999251601,2027,728
Elliot Hayes,999251602,2027,729
Maia Fitzpatrick,999251603,2027,730
Izabelle Ramsey,999251604,2027,731
Casey Graves,999251605,2027,732
Edwin Hensley,999251606,2027,733
Ashly Frederick,999251607,2027,734
Dania Hamilton,999251608,2027,735
Alfredo Trevino,999251609,2027,736
Sophia Holland,999251610,2027,737
Destiny Brock,999251611,2027,738
Zechariah Osborn,999251612,2027,739
Hezekiah Berg,999251613,2027,740
Lailah Beasley,999251614,2027,741
Jamie Fritz,999251615,2027,742
Lisa Nunez,999251616,2027,743
Fatima Cole,999251617,2027,744
Stephanie Kent,999251618,2027,745
London Willis,999251619,2027,746
Erick Bullock,999251620,2027,747
Abbey Simpson,999251621,2027,748
Saniya Pierce,999251622,2027,749
Sarahi Farrell,999251623,2027,750
